Month,BusinessUnit,COGSTRY,DepreciationTRY,InterestTRY,OperatingExpenseTRY,RevenueTRY,TaxTRY,GrossProfitTRY,EBITDATRY,EBITTRY,EBTTRY,NetIncomeTRY,GrossMarginPct,EBITDAMarginPct,NetIncomeMarginPct,Version,Year,MonthKey
2023-01-01,Digital Commerce,15678859.329999998,0.0,0.0,6385230.54,33966763.51,0.0,18287904.18,11902673.64,11902673.64,11902673.64,11902673.64,0.5384058500191207,0.3504211885390785,0.3504211885390785,Actual,2023,2023-01
2023-01-01,Retail Stores,11513230.28,0.0,0.0,5467531.8,22444746.79,0.0,10931516.51,5463984.71,5463984.71,5463984.71,5463984.71,0.48704120444211974,0.24344158395381926,0.24344158395381926,Actual,2023,2023-01
2023-01-01,Shared Services,0.0,0.0,420000.0,22533650.31,0.0,378605.52,0.0,-22533650.31,-22533650.31,-22953650.31,-23332255.83,,,,Actual,2023,2023-01
2023-01-01,Subscription Services,1068068.99,0.0,0.0,2213049.84,4217622.23,0.0,3149553.24,936503.4000000004,936503.4000000004,936503.4000000004,936503.4000000004,0.7467603944225227,0.22204534899750855,0.22204534899750855,Actual,2023,2023-01
2023-01-01,Wholesale,13503102.17,0.0,0.0,2668104.32,22336117.14,0.0,8833014.97,6164910.65,6164910.65,6164910.65,6164910.65,0.3954588398080008,0.2760063717144349,0.2760063717144349,Actual,2023,2023-01
2023-02-01,Digital Commerce,16146690.59,0.0,0.0,6464854.54,35408242.120000005,0.0,19261551.530000005,12796696.990000006,12796696.990000006,12796696.990000006,12796696.990000006,0.5439849700734029,0.361404470366856,0.361404470366856,Actual,2023,2023-02
2023-02-01,Retail Stores,12099732.23,0.0,0.0,5508246.859999999,23771778.84,0.0,11672046.61,6163799.75,6163799.75,6163799.75,6163799.75,0.4910043412636763,0.2592906400268361,0.2592906400268361,Actual,2023,2023-02
2023-02-01,Shared Services,0.0,0.0,420000.0,22726556.07,0.0,907670.07,0.0,-22726556.07,-22726556.07,-23146556.07,-24054226.14,,,,Actual,2023,2023-02
2023-02-01,Subscription Services,1084564.4300000002,0.0,0.0,2180346.46,4271921.19,0.0,3187356.7600000002,1007010.3000000003,1007010.3000000003,1007010.3000000003,1007010.3000000003,0.7461178748945975,0.23572773354463503,0.23572773354463503,Actual,2023,2023-02
2023-02-01,Wholesale,14318726.61,0.0,0.0,2684733.32,23813189.23,0.0,9494462.620000001,6809729.300000001,6809729.300000001,6809729.300000001,6809729.300000001,0.39870605017654753,0.2859646070179068,0.2859646070179068,Actual,2023,2023-02
2023-03-01,Digital Commerce,17522184.15,0.0,0.0,6680274.23,38568774.66,0.0,21046590.509999998,14366316.279999997,14366316.279999997,14366316.279999997,14366316.279999997,0.5456898928092625,0.3724856806223462,0.3724856806223462,Actual,2023,2023-03
2023-03-01,Retail Stores,13490314.49,0.0,0.0,5624448.22,26631023.31,0.0,13140708.819999998,7516260.599999999,7516260.599999999,7516260.599999999,7516260.599999999,0.49343612023596695,0.28223701780087546,0.28223701780087546,Actual,2023,2023-03
2023-03-01,Shared Services,0.0,0.0,420000.0,22909741.68,0.0,1780406.2,0.0,-22909741.68,-22909741.68,-23329741.68,-25110147.88,,,,Actual,2023,2023-03
2023-03-01,Subscription Services,1131939.58,0.0,0.0,2194327.95,4523176.62,0.0,3391237.04,1196909.0899999999,1196909.0899999999,1196909.0899999999,1196909.0899999999,0.7497467653606681,0.2646169253501314,0.2646169253501314,Actual,2023,2023-03
2023-03-01,Wholesale,15658519.93,0.0,0.0,2778757.49,25809157.93,0.0,10150638.0,7371880.51,7371880.51,7371880.51,7371880.51,0.3932959776344009,0.28563041576149556,0.28563041576149556,Actual,2023,2023-03
2023-04-01,Digital Commerce,18432260.12,0.0,0.0,7034712.89,40068861.5,0.0,21636601.38,14601888.489999998,14601888.489999998,14601888.489999998,14601888.489999998,0.539985429333948,0.36441984981280284,0.36441984981280284,Actual,2023,2023-04
2023-04-01,Retail Stores,14395027.36,0.0,0.0,5910613.42,28128897.73,0.0,13733870.370000001,7823256.950000001,7823256.950000001,7823256.950000001,7823256.950000001,0.48824772665558697,0.27812170334909175,0.27812170334909175,Actual,2023,2023-04
2023-04-01,Shared Services,0.0,0.0,420000.0,23829148.87,0.0,1803288.82,0.0,-23829148.87,-23829148.87,-24249148.87,-26052437.69,,,,Actual,2023,2023-04
2023-04-01,Subscription Services,1167667.48,0.0,0.0,2287343.02,4614981.93,0.0,3447314.4499999997,1159971.4299999997,1159971.4299999997,1159971.4299999997,1159971.4299999997,0.7469833040061329,0.2513490729962619,0.2513490729962619,Actual,2023,2023-04
2023-04-01,Wholesale,16489770.34,0.0,0.0,2816804.76,27183762.37,0.0,10693992.030000001,7877187.270000001,7877187.270000001,7877187.270000001,7877187.270000001,0.393396318156529,0.28977546090872486,0.28977546090872486,Actual,2023,2023-04
2023-05-01,Digital Commerce,19769607.93,0.0,0.0,7180181.6,43245635.15,0.0,23476027.22,16295845.62,16295845.62,16295845.62,16295845.62,0.5428531027136504,0.3768205869442526,0.3768205869442526,Actual,2023,2023-05
2023-05-01,Retail Stores,15180044.799999999,0.0,0.0,5968304.1899999995,29846557.98,0.0,14666513.180000002,8698208.990000002,8698208.990000002,8698208.990000002,8698208.990000002,0.491397138317522,0.29143089115430393,0.29143089115430393,Actual,2023,2023-05
2023-05-01,Shared Services,0.0,0.0,420000.0,24018259.61,0.0,2188773.63,0.0,-24018259.61,-24018259.61,-24438259.61,-26627033.24,,,,Actual,2023,2023-05
2023-05-01,Subscription Services,1166217.22,0.0,0.0,2305207.25,4615057.1,0.0,3448839.88,1143632.63,1143632.63,1143632.63,1143632.63,0.7473016704387038,0.2478046544646219,0.2478046544646219,Actual,2023,2023-05
2023-05-01,Wholesale,15345746.57,0.0,0.0,2782373.65,25183787.11,0.0,9838040.54,7055666.889999999,7055666.889999999,7055666.889999999,7055666.889999999,0.39064976593982964,0.28016703203460325,0.28016703203460325,Actual,2023,2023-05
2023-06-01,Digital Commerce,20529855.14,0.0,0.0,7256304.58,44797537.1,0.0,24267681.96,17011377.380000003,17011377.380000003,17011377.380000003,17011377.380000003,0.5417191107142362,0.37973912141701205,0.37973912141701205,Actual,2023,2023-06
2023-06-01,Retail Stores,15740995.44,0.0,0.0,6127828.4799999995,30901851.3,0.0,15160855.860000001,9033027.380000003,9033027.380000003,9033027.380000003,9033027.380000003,0.49061319054370056,0.29231346990528045,0.29231346990528045,Actual,2023,2023-06
2023-06-01,Shared Services,0.0,169791.67,420000.0,23669667.41,0.0,2445170.59,0.0,-23669667.41,-23839459.080000002,-24259459.080000002,-26704629.67,,,,Actual,2023,2023-06
2023-06-01,Subscription Services,1238287.7,0.0,0.0,2421713.48,4899993.81,0.0,3661706.1099999994,1239992.6299999994,1239992.6299999994,1239992.6299999994,1239992.6299999994,0.7472879052473741,0.25306004009013217,0.25306004009013217,Actual,2023,2023-06
2023-06-01,Wholesale,14871188.940000001,0.0,0.0,2762828.08,24389761.060000002,0.0,9518572.120000001,6755744.040000001,6755744.040000001,6755744.040000001,6755744.040000001,0.39026918289949003,0.2769909891031954,0.2769909891031954,Actual,2023,2023-06
2023-07-01,Digital Commerce,19737462.66,0.0,0.0,7356692.6,43045387.480000004,0.0,23307924.820000004,15951232.220000004,15951232.220000004,15951232.220000004,15951232.220000004,0.5414732259252972,0.3705677461356657,0.3705677461356657,Actual,2023,2023-07
2023-07-01,Retail Stores,16681680.51,0.0,0.0,6189344.08,32923570.66,0.0,16241890.15,10052546.07,10052546.07,10052546.07,10052546.07,0.493321040956619,0.30532976431420883,0.30532976431420883,Actual,2023,2023-07
2023-07-01,Shared Services,0.0,169791.67,420000.0,24059880.7,0.0,2223414.5,0.0,-24059880.7,-24229672.37,-24649672.37,-26873086.87,,,,Actual,2023,2023-07
2023-07-01,Subscription Services,1311553.48,0.0,0.0,2441722.9899999998,5189165.55,0.0,3877612.07,1435889.08,1435889.08,1435889.08,1435889.08,0.7472515634040622,0.27670905199777257,0.27670905199777257,Actual,2023,2023-07
2023-07-01,Wholesale,13547195.57,0.0,0.0,2785649.9,22436508.450000003,0.0,8889312.880000003,6103662.980000002,6103662.980000002,6103662.980000002,6103662.980000002,0.3961985840983204,0.2720415698192114,0.2720415698192114,Actual,2023,2023-07
2023-08-01,Digital Commerce,19263035.26,0.0,0.0,7332842.23,41899581.410000004,0.0,22636546.150000002,15303703.920000002,15303703.920000002,15303703.920000002,15303703.920000002,0.5402570953751206,0.3652471792080369,0.3652471792080369,Actual,2023,2023-08
2023-08-01,Retail Stores,14035742.59,0.0,0.0,5996047.24,27345378.92,0.0,13309636.330000002,7313589.090000002,7313589.090000002,7313589.090000002,7313589.090000002,0.4867234193001265,0.26745246834560965,0.26745246834560965,Actual,2023,2023-08
2023-08-01,Shared Services,0.0,169791.67,420000.0,24491899.31,0.0,1469422.95,0.0,-24491899.31,-24661690.98,-25081690.98,-26551113.93,,,,Actual,2023,2023-08
2023-08-01,Subscription Services,1365217.25,0.0,0.0,2417514.74,5308829.1,0.0,3943611.8499999996,1526097.1099999994,1526097.1099999994,1526097.1099999994,1526097.1099999994,0.7428402338285857,0.2874639739297691,0.2874639739297691,Actual,2023,2023-08
2023-08-01,Wholesale,14490608.76,0.0,0.0,2865126.5100000002,24171727.94,0.0,9681119.180000002,6815992.670000002,6815992.670000002,6815992.670000002,6815992.670000002,0.40051415455406625,0.28198201994159966,0.28198201994159966,Actual,2023,2023-08
2023-09-01,Digital Commerce,20345972.64,0.0,0.0,7442289.1899999995,44103146.85,0.0,23757174.21,16314885.020000001,16314885.020000001,16314885.020000001,16314885.020000001,0.5386729951674639,0.369925644432785,0.369925644432785,Actual,2023,2023-09
2023-09-01,Retail Stores,15490787.92,0.0,0.0,6089136.55,30636260.58,0.0,15145472.659999998,9056336.11,9056336.11,9056336.11,9056336.11,0.49436427205111594,0.29560840450326265,0.29560840450326265,Actual,2023,2023-09
2023-09-01,Shared Services,0.0,169791.67,420000.0,24560660.57,0.0,2788232.34,0.0,-24560660.57,-24730452.240000002,-25150452.240000002,-27938684.580000002,,,,Actual,2023,2023-09
2023-09-01,Subscription Services,1323591.06,0.0,0.0,2406936.25,5249140.08,0.0,3925549.02,1518612.77,1518612.77,1518612.77,1518612.77,0.7478461157775008,0.2893069620652989,0.2893069620652989,Actual,2023,2023-09
2023-09-01,Wholesale,18850491.59,0.0,0.0,2987178.32,31251217.619999997,0.0,12400726.029999997,9413547.709999997,9413547.709999997,9413547.709999997,9413547.709999997,0.39680777180546856,0.3012217899623713,0.3012217899623713,Actual,2023,2023-09
2023-10-01,Digital Commerce,22470507.22,0.0,0.0,7877371.609999999,49292765.25,0.0,26822258.03,18944886.42,18944886.42,18944886.42,18944886.42,0.5441418815512689,0.38433401583206983,0.38433401583206983,Actual,2023,2023-10
2023-10-01,Retail Stores,15425134.44,107500.0,0.0,6074578.18,30153776.25,0.0,14728641.81,8654063.63,8546563.63,8546563.63,8546563.63,0.48845098829039696,0.2869976734671831,0.28343261418211263,Actual,2023,2023-10
2023-10-01,Shared Services,0.0,169791.67,420000.0,24704280.3,0.0,3195009.23,0.0,-24704280.3,-24874071.970000003,-25294071.970000003,-28489081.200000003,,,,Actual,2023,2023-10
2023-10-01,Subscription Services,1315377.7999999998,0.0,0.0,2455377.43,5185397.28,0.0,3870019.4800000004,1414642.0500000003,1414642.0500000003,1414642.0500000003,1414642.0500000003,0.746330371816757,0.27281266479933053,0.27281266479933053,Actual,2023,2023-10
2023-10-01,Wholesale,18492969.84,0.0,0.0,2931510.01,30592496.65,0.0,12099526.809999999,9168016.799999999,9168016.799999999,9168016.799999999,9168016.799999999,0.3955063540065796,0.2996818764054682,0.2996818764054682,Actual,2023,2023-10
2023-11-01,Digital Commerce,25315813.66,0.0,0.0,8247311.2299999995,55142179.64,0.0,29826365.98,21579054.75,21579054.75,21579054.75,21579054.75,0.5408992929681733,0.3913348164849582,0.3913348164849582,Actual,2023,2023-11
2023-11-01,Retail Stores,17004341.65,107500.0,0.0,6319910.0,33488248.69,0.0,16483907.040000003,10163997.040000003,10056497.040000003,10056497.040000003,10056497.040000003,0.492229593508791,0.3035093633616946,0.3002992820882567,Actual,2023,2023-11
2023-11-01,Shared Services,0.0,169791.67,420000.0,24832066.02,0.0,3989452.41,0.0,-24832066.02,-25001857.69,-25421857.69,-29411310.1,,,,Actual,2023,2023-11
2023-11-01,Subscription Services,1454221.6300000001,0.0,0.0,2499772.0500000003,5719859.92,0.0,4265638.29,1765866.2399999998,1765866.2399999998,1765866.2399999998,1765866.2399999998,0.7457592230685258,0.3087254346606446,0.3087254346606446,Actual,2023,2023-11
2023-11-01,Wholesale,16808527.939999998,0.0,0.0,2898802.36,27685579.61,0.0,10877051.670000002,7978249.310000002,7978249.310000002,7978249.310000002,7978249.310000002,0.39287787444663874,0.28817346150550766,0.28817346150550766,Actual,2023,2023-11
2023-12-01,Digital Commerce,28041288.3,0.0,0.0,8682097.39,61117128.900000006,0.0,33075840.600000005,24393743.210000005,24393743.210000005,24393743.210000005,24393743.210000005,0.5411877356693043,0.39913103984176196,0.39913103984176196,Actual,2023,2023-12
2023-12-01,Retail Stores,19753913.52,107500.0,0.0,6596501.32,38982645.25,0.0,19228731.73,12632230.41,12524730.41,12524730.41,12524730.41,0.4932639026080458,0.3240475429255279,0.3212899055381574,Actual,2023,2023-12
2023-12-01,Shared Services,0.0,169791.67,420000.0,25077384.51,0.0,4983148.49,0.0,-25077384.51,-25247176.180000003,-25667176.180000003,-30650324.67,,,,Actual,2023,2023-12
2023-12-01,Subscription Services,1418756.43,0.0,0.0,2480337.59,5598915.96,0.0,4180159.5300000003,1699821.9400000004,1699821.9400000004,1699821.9400000004,1699821.9400000004,0.7466015849968215,0.3035984022878601,0.3035984022878601,Actual,2023,2023-12
2023-12-01,Wholesale,15203995.64,0.0,0.0,2926640.31,25112110.52,0.0,9908114.879999999,6981474.569999998,6981474.569999998,6981474.569999998,6981474.569999998,0.39455524345948123,0.2780122588437859,0.2780122588437859,Actual,2023,2023-12
2024-01-01,Digital Commerce,18068297.18,0.0,0.0,7478644.08,39371144.5,0.0,21302847.32,13824203.24,13824203.24,13824203.24,13824203.24,0.54107767479302,0.3511252572299492,0.3511252572299492,Actual,2024,2024-01
2024-01-01,Retail Stores,12854163.68,107500.0,0.0,6040030.11,25187877.759999998,0.0,12333714.079999998,6293683.969999998,6186183.969999998,6186183.969999998,6186183.969999998,0.489668649241531,0.24986956146002823,0.24560163539558158,Actual,2024,2024-01
2024-01-01,Shared Services,0.0,169791.67,445200.0,25788838.7,0.0,466813.73,0.0,-25788838.7,-25958630.37,-26403830.37,-26870644.1,,,,Actual,2024,2024-01
2024-01-01,Subscription Services,1254845.91,0.0,0.0,2571977.92,5041250.67,0.0,3786404.76,1214426.8399999999,1214426.8399999999,1214426.8399999999,1214426.8399999999,0.7510844050133297,0.24089792781520222,0.24089792781520222,Actual,2024,2024-01
2024-01-01,Wholesale,15372707.299999999,0.0,0.0,3000795.81,25419774.36,0.0,10047067.06,7046271.25,7046271.25,7046271.25,7046271.25,0.3952461150013135,0.27719645147943794,0.27719645147943794,Actual,2024,2024-01
2024-02-01,Digital Commerce,19069949.96,0.0,0.0,7682702.24,41525529.76,0.0,22455579.799999997,14772877.559999997,14772877.559999997,14772877.559999997,14772877.559999997,0.5407656429619021,0.35575410224459464,0.35575410224459464,Actual,2024,2024-02
2024-02-01,Retail Stores,13187031.790000001,107500.0,0.0,6166059.81,25936253.33,0.0,12749221.539999997,6583161.729999998,6475661.729999998,6475661.729999998,6475661.729999998,0.49155987866810363,0.25382084475498906,0.24967606722555089,Actual,2024,2024-02
2024-02-01,Shared Services,0.0,169791.67,445200.0,25993435.45,0.0,843232.03,0.0,-25993435.45,-26163227.12,-26608427.12,-27451659.150000002,,,,Actual,2024,2024-02
2024-02-01,Subscription Services,1312985.48,0.0,0.0,2497032.52,5178667.52,0.0,3865682.0399999996,1368649.5199999996,1368649.5199999996,1368649.5199999996,1368649.5199999996,0.746462680809445,0.2642860378107455,0.2642860378107455,Actual,2024,2024-02
2024-02-01,Wholesale,16160048.780000001,0.0,0.0,3039908.02,26564123.240000002,0.0,10404074.46,7364166.440000001,7364166.440000001,7364166.440000001,7364166.440000001,0.3916588688435855,0.27722226604155753,0.27722226604155753,Actual,2024,2024-02
2024-03-01,Digital Commerce,20195524.72,0.0,0.0,7958639.46,44163051.82,0.0,23967527.1,16008887.64,16008887.64,16008887.64,16008887.64,0.5427054089850261,0.3624950491476248,0.3624950491476248,Actual,2024,2024-03
2024-03-01,Retail Stores,15631571.76,107500.0,0.0,6373175.08,30661112.61,0.0,15029540.85,8656365.77,8548865.77,8548865.77,8548865.77,0.49018250058865037,0.28232392868798767,0.27881785891917765,Actual,2024,2024-03
2024-03-01,Shared Services,0.0,169791.67,445200.0,26015347.51,0.0,1937822.48,0.0,-26015347.51,-26185139.180000003,-26630339.180000003,-28568161.660000004,,,,Actual,2024,2024-03
2024-03-01,Subscription Services,1281833.11,0.0,0.0,2566235.73,5091665.82,0.0,3809832.71,1243596.98,1243596.98,1243596.98,1243596.98,0.7482487745042151,0.2442416733468969,0.2442416733468969,Actual,2024,2024-03
2024-03-01,Wholesale,18019852.68,0.0,0.0,3036539.73,29636671.11,0.0,11616818.43,8580278.7,8580278.7,8580278.7,8580278.7,0.3919744692945712,0.2895156027528626,0.2895156027528626,Actual,2024,2024-03
2024-04-01,Digital Commerce,21410563.95,0.0,0.0,8452642.34,46472946.25,0.0,25062382.3,16609739.96,16609739.96,16609739.96,16609739.96,0.5392897227814559,0.35740664838954556,0.35740664838954556,Actual,2024,2024-04
2024-04-01,Retail Stores,16549603.81,107500.0,0.0,6672003.35,32597124.15,0.0,16047520.339999998,9375516.989999998,9268016.989999998,9268016.989999998,9268016.989999998,0.49229865389827643,0.28761791828191074,0.284320081346808,Actual,2024,2024-04
2024-04-01,Shared Services,0.0,169791.67,445200.0,26976528.89,0.0,2093269.71,0.0,-26976528.89,-27146320.560000002,-27591520.560000002,-29684790.270000003,,,,Actual,2024,2024-04
2024-04-01,Subscription Services,1459291.76,0.0,0.0,2769454.0,5708958.32,0.0,4249666.5600000005,1480212.5600000005,1480212.5600000005,1480212.5600000005,1480212.5600000005,0.7443856342605073,0.2592789221834782,0.2592789221834782,Actual,2024,2024-04
2024-04-01,Wholesale,18373378.49,0.0,0.0,3183596.4,30163604.78,0.0,11790226.290000003,8606629.890000002,8606629.890000002,8606629.890000002,8606629.890000002,0.39087590412328704,0.2853316091618676,0.2853316091618676,Actual,2024,2024-04
2024-05-01,Digital Commerce,22454399.68,0.0,0.0,8504280.45,48929470.870000005,0.0,26475071.190000005,17970790.740000006,17970790.740000006,17970790.740000006,17970790.740000006,0.5410863988360151,0.36727948249729364,0.36727948249729364,Actual,2024,2024-05
2024-05-01,Retail Stores,16628561.370000001,107500.0,0.0,6585980.31,32679485.840000004,0.0,16050924.470000003,9464944.160000004,9357444.160000004,9357444.160000004,9357444.160000004,0.49116208708380343,0.2896295310868943,0.2863400056480204,Actual,2024,2024-05
2024-05-01,Shared Services,0.0,169791.67,445200.0,27357303.58,0.0,2238577.93,0.0,-27357303.58,-27527095.25,-27972295.25,-30210873.18,,,,Actual,2024,2024-05
2024-05-01,Subscription Services,1431297.26,0.0,0.0,2775377.6799999997,5702611.08,0.0,4271313.82,1495936.1400000006,1495936.1400000006,1495936.1400000006,1495936.1400000006,0.7490101920119021,0.2623247700069352,0.2623247700069352,Actual,2024,2024-05
2024-05-01,Wholesale,17292495.61,0.0,0.0,3116306.64,28511238.17,0.0,11218742.560000002,8102435.920000002,8102435.920000002,8102435.920000002,8102435.920000002,0.3934849301565777,0.2841839372842643,0.2841839372842643,Actual,2024,2024-05
2024-06-01,Digital Commerce,23173017.36,0.0,0.0,8653176.05,50528689.64,0.0,27355672.28,18702496.23,18702496.23,18702496.23,18702496.23,0.5413889114263601,0.3701361813110339,0.3701361813110339,Actual,2024,2024-06
2024-06-01,Retail Stores,18367155.04,107500.0,0.0,6843651.16,36180844.96,0.0,17813689.92,10970038.760000002,10862538.760000002,10862538.760000002,10862538.760000002,0.4923514069307684,0.3032001815360589,0.3002289960892058,Actual,2024,2024-06
2024-06-01,Shared Services,0.0,169791.67,445200.0,27538498.96,0.0,2664037.07,0.0,-27538498.96,-27708290.630000003,-28153490.630000003,-30817527.700000003,,,,Actual,2024,2024-06
2024-06-01,Subscription Services,1516500.27,0.0,0.0,2837823.96,5964755.5,0.0,4448255.23,1610431.2700000005,1610431.2700000005,1610431.2700000005,1610431.2700000005,0.7457565075383225,0.2699911622530044,0.2699911622530044,Actual,2024,2024-06
2024-06-01,Wholesale,16806339.25,0.0,0.0,3207187.7399999998,27647699.630000003,0.0,10841360.380000003,7634172.640000002,7634172.640000002,7634172.640000002,7634172.640000002,0.39212522289688956,0.2761232486668187,0.2761232486668187,Actual,2024,2024-06
2024-07-01,Digital Commerce,21745078.6,0.0,0.0,8499946.8,47563525.83,0.0,25818447.229999997,17318500.429999996,17318500.429999996,17318500.429999996,17318500.429999996,0.5428202972647455,0.3641130493962793,0.3641130493962793,Actual,2024,2024-07
2024-07-01,Retail Stores,17685755.57,107500.0,0.0,6828756.59,34544056.99,0.0,16858301.42,10029544.830000002,9922044.830000002,9922044.830000002,9922044.830000002,0.4880232054063665,0.2903406751819396,0.2872287071802912,Actual,2024,2024-07
2024-07-01,Shared Services,0.0,426041.67,445200.0,27586403.41,0.0,1760169.28,0.0,-27586403.41,-28012445.080000002,-28457645.080000002,-30217814.360000003,,,,Actual,2024,2024-07
2024-07-01,Subscription Services,1514991.5,0.0,0.0,2812962.53,6032576.53,0.0,4517585.03,1704622.5000000005,1704622.5000000005,1704622.5000000005,1704622.5000000005,0.7488649348307563,0.28256956070476913,0.28256956070476913,Actual,2024,2024-07
2024-07-01,Wholesale,15179313.860000001,0.0,0.0,3220556.6999999997,24953025.009999998,0.0,9773711.149999997,6553154.449999997,6553154.449999997,6553154.449999997,6553154.449999997,0.3916844208701411,0.2626196401988858,0.2626196401988858,Actual,2024,2024-07
2024-08-01,Digital Commerce,21143756.53,0.0,0.0,8443286.28,46127009.43,0.0,24983252.9,16539966.62,16539966.62,16539966.62,16539966.62,0.5416187437408729,0.3585744409704299,0.3585744409704299,Actual,2024,2024-08
2024-08-01,Retail Stores,14919323.91,107500.0,0.0,6700970.82,29386318.020000003,0.0,14466994.110000003,7766023.290000003,7658523.290000003,7658523.290000003,7658523.290000003,0.4923037346888415,0.2642734378874731,0.2606152728895024,Actual,2024,2024-08
2024-08-01,Shared Services,0.0,426041.67,445200.0,28172322.1,0.0,1020124.42,0.0,-28172322.1,-28598363.770000003,-29043563.770000003,-30063688.190000005,,,,Actual,2024,2024-08
2024-08-01,Subscription Services,1583324.98,0.0,0.0,2817704.79,6262270.45,0.0,4678945.470000001,1861240.6800000006,1861240.6800000006,1861240.6800000006,1861240.6800000006,0.7471643882770985,0.29721499492248865,0.29721499492248865,Actual,2024,2024-08
2024-08-01,Wholesale,16054582.24,0.0,0.0,3389421.98,26508335.060000002,0.0,10453752.820000002,7064330.840000002,7064330.840000002,7064330.840000002,7064330.840000002,0.39435720109688405,0.2664947015348312,0.2664947015348312,Actual,2024,2024-08
2024-09-01,Digital Commerce,23244644.3,0.0,0.0,8728064.33,50425016.12,0.0,27180371.819999997,18452307.489999995,18452307.489999995,18452307.489999995,18452307.489999995,0.5390255454815708,0.36593557939749044,0.36593557939749044,Actual,2024,2024-09
2024-09-01,Retail Stores,17059476.93,107500.0,0.0,6955783.140000001,33571915.06,0.0,16512438.130000003,9556654.990000002,9449154.990000002,9449154.990000002,9449154.990000002,0.49185273168029997,0.28466219376881746,0.28146011251107944,Actual,2024,2024-09
2024-09-01,Shared Services,0.0,426041.67,445200.0,27856716.61,0.0,2864611.5,0.0,-27856716.61,-28282758.28,-28727958.28,-31592569.78,,,,Actual,2024,2024-09
2024-09-01,Subscription Services,1620034.26,0.0,0.0,2843609.44,6391142.62,0.0,4771108.36,1927498.9200000004,1927498.9200000004,1927498.9200000004,1927498.9200000004,0.746518837659736,0.3015890951906187,0.3015890951906187,Actual,2024,2024-09
2024-09-01,Wholesale,21247899.330000002,0.0,0.0,3673037.72,35278379.93,0.0,14030480.599999998,10357442.879999997,10357442.879999997,10357442.879999997,10357442.879999997,0.39770762228422996,0.2935917947635754,0.2935917947635754,Actual,2024,2024-09
2024-10-01,Digital Commerce,24974147.55,0.0,0.0,9120392.31,54780552.33,0.0,29806404.779999997,20686012.47,20686012.47,20686012.47,20686012.47,0.5441055906199185,0.3776159894370309,0.3776159894370309,Actual,2024,2024-10
2024-10-01,Retail Stores,17314849.51,107500.0,0.0,6995041.67,33845327.379999995,0.0,16530477.869999994,9535436.199999994,9427936.199999994,9427936.199999994,9427936.199999994,0.48841240873232755,0.2817356763295695,0.27855946240813095,Actual,2024,2024-10
2024-10-01,Shared Services,0.0,426041.67,445200.0,28277045.05,0.0,3205551.3,0.0,-28277045.05,-28703086.720000003,-29148286.720000003,-32353838.020000003,,,,Actual,2024,2024-10
2024-10-01,Subscription Services,1637719.8,0.0,0.0,2846122.94,6504846.59,0.0,4867126.79,2021003.85,2021003.85,2021003.85,2021003.85,0.748230834141778,0.3106920081876981,0.3106920081876981,Actual,2024,2024-10
2024-10-01,Wholesale,20838932.64,0.0,0.0,3644082.27,34318554.31,0.0,13479621.670000002,9835539.400000002,9835539.400000002,9835539.400000002,9835539.400000002,0.39277941454754717,0.2865953883475228,0.2865953883475228,Actual,2024,2024-10
2024-11-01,Digital Commerce,29254458.23,0.0,0.0,9646034.53,63309548.99,0.0,34055090.760000005,24409056.230000004,24409056.230000004,24409056.230000004,24409056.230000004,0.5379139687976476,0.38555094167319864,0.38555094167319864,Actual,2024,2024-11
2024-11-01,Retail Stores,17853372.63,107500.0,0.0,7170191.2,35064951.42,0.0,17211578.790000003,10041387.590000004,9933887.590000004,9933887.590000004,9933887.590000004,0.4908484995129077,0.2863653643698675,0.2832996250590557,Actual,2024,2024-11
2024-11-01,Shared Services,0.0,646875.0,445200.0,28401471.3,0.0,3766253.91,0.0,-28401471.3,-29048346.3,-29493546.3,-33259800.21,,,,Actual,2024,2024-11
2024-11-01,Subscription Services,1610991.4000000001,0.0,0.0,2864013.64,6351966.55,0.0,4740975.149999999,1876961.5099999993,1876961.5099999993,1876961.5099999993,1876961.5099999993,0.7463791115209824,0.2954929776826358,0.2954929776826358,Actual,2024,2024-11
2024-11-01,Wholesale,18614257.1,0.0,0.0,3570199.91,30523113.63,0.0,11908856.529999997,8338656.619999997,8338656.619999997,8338656.619999997,8338656.619999997,0.390158640902717,0.2731915466122123,0.2731915466122123,Actual,2024,2024-11
2024-12-01,Digital Commerce,32211965.31,0.0,0.0,10255880.77,70098264.03,0.0,37886298.72,27630417.95,27630417.95,27630417.95,27630417.95,0.5404741364748459,0.3941669359768309,0.3941669359768309,Actual,2024,2024-12
2024-12-01,Retail Stores,22114443.04,107500.0,0.0,7593580.49,43436581.52,0.0,21322138.480000004,13728557.990000004,13621057.990000004,13621057.990000004,13621057.990000004,0.49087975466445044,0.316059816624354,0.3135849441496289,Actual,2024,2024-12
2024-12-01,Shared Services,0.0,646875.0,445200.0,29011532.64,0.0,5198952.43,0.0,-29011532.64,-29658407.64,-30103607.64,-35302560.07,,,,Actual,2024,2024-12
2024-12-01,Subscription Services,1681212.05,0.0,0.0,2869590.07,6669692.47,0.0,4988480.42,2118890.35,2118890.35,2118890.35,2118890.35,0.7479325984575718,0.31768936267012027,0.31768936267012027,Actual,2024,2024-12
2024-12-01,Wholesale,16690444.370000001,0.0,0.0,3580278.44,27799773.89,0.0,11109329.52,7529051.08,7529051.08,7529051.08,7529051.08,0.39961942007003853,0.27083137833391924,0.27083137833391924,Actual,2024,2024-12
2025-01-01,Digital Commerce,21031999.29,0.0,0.0,8417417.76,46074687.31,0.0,25042688.020000003,16625270.260000004,16625270.260000004,16625270.260000004,16625270.260000004,0.543523775896896,0.36083305673116683,0.36083305673116683,Actual,2025,2025-01
2025-01-01,Retail Stores,14216436.09,107500.0,0.0,6895327.11,27968044.39,0.0,13751608.3,6856281.19,6748781.19,6748781.19,6748781.19,0.4916900198040626,0.2451469646712757,0.24130329228213873,Actual,2025,2025-01
2025-01-01,Shared Services,0.0,646875.0,471912.0,29831218.69,0.0,419919.26,0.0,-29831218.69,-30478093.69,-30950005.69,-31369924.950000003,,,,Actual,2025,2025-01
2025-01-01,Subscription Services,1566512.54,0.0,0.0,2918158.98,6151609.15,0.0,4585096.61,1666937.6300000004,1666937.6300000004,1666937.6300000004,1666937.6300000004,0.7453491433213049,0.2709758681596343,0.2709758681596343,Actual,2025,2025-01
2025-01-01,Wholesale,16750195.35,0.0,0.0,3536812.4,27875701.380000003,0.0,11125506.030000003,7588693.630000003,7588693.630000003,7588693.630000003,7588693.630000003,0.39911125027269184,0.27223328039540085,0.27223328039540085,Actual,2025,2025-01
2025-02-01,Digital Commerce,21557620.47,0.0,0.0,8489472.08,47117844.2,0.0,25560223.730000004,17070751.650000006,17070751.650000006,17070751.650000006,17070751.650000006,0.5424743887157724,0.3622990809498879,0.3622990809498879,Actual,2025,2025-02
2025-02-01,Retail Stores,14890650.23,107500.0,0.0,7032375.899999999,29025192.18,0.0,14134541.95,7102166.05,6994666.05,6994666.05,6994666.05,0.48697496513871485,0.24468971664186928,0.24098603746092406,Actual,2025,2025-02
2025-02-01,Shared Services,0.0,646875.0,471912.0,30036228.39,0.0,630617.41,0.0,-30036228.39,-30683103.39,-31155015.39,-31785632.8,,,,Actual,2025,2025-02
2025-02-01,Subscription Services,1583536.85,0.0,0.0,3067825.4,6257308.92,0.0,4673772.07,1605946.6700000004,1605946.6700000004,1605946.6700000004,1605946.6700000004,0.7469300508820013,0.2566513321512661,0.2566513321512661,Actual,2025,2025-02
2025-02-01,Wholesale,18113727.32,0.0,0.0,3663007.05,29782855.04,0.0,11669127.719999999,8006120.669999999,8006120.669999999,8006120.669999999,8006120.669999999,0.39180688702704036,0.2688164267410677,0.2688164267410677,Actual,2025,2025-02
2025-03-01,Digital Commerce,24573277.18,0.0,0.0,8907200.81,53373456.95,0.0,28800179.770000003,19892978.96,19892978.96,19892978.96,19892978.96,0.539597421935399,0.37271295690357187,0.37271295690357187,Actual,2025,2025-03
2025-03-01,Retail Stores,17019328.39,107500.0,0.0,7271080.050000001,33244791.689999998,0.0,16225463.299999997,8954383.249999996,8846883.249999996,8846883.249999996,8846883.249999996,0.4880603088537505,0.2693469501477871,0.26611336092868737,Actual,2025,2025-03
2025-03-01,Shared Services,0.0,646875.0,471912.0,29665060.13,0.0,2354588.24,0.0,-29665060.13,-30311935.13,-30783847.13,-33138435.369999997,,,,Actual,2025,2025-03
2025-03-01,Subscription Services,1686881.31,0.0,0.0,3065931.78,6713853.35,0.0,5026972.039999999,1961040.2599999993,1961040.2599999993,1961040.2599999993,1961040.2599999993,0.7487461786754694,0.2920886349118721,0.2920886349118721,Actual,2025,2025-03
2025-03-01,Wholesale,20961507.37,0.0,0.0,3758793.0100000002,34221597.98,0.0,13260090.609999996,9501297.599999996,9501297.599999996,9501297.599999996,9501297.599999996,0.3874772480744336,0.277640383875493,0.277640383875493,Actual,2025,2025-03
2025-04-01,Digital Commerce,24731225.82,0.0,0.0,9376975.41,54195028.72,0.0,29463802.9,20086827.49,20086827.49,20086827.49,20086827.49,0.5436624649139958,0.3706396687005944,0.3706396687005944,Actual,2025,2025-04
2025-04-01,Retail Stores,17930810.92,107500.0,0.0,7601626.94,35191266.11,0.0,17260455.189999998,9658828.249999996,9551328.249999996,9551328.249999996,9551328.249999996,0.4904755383352133,0.2744666310046552,0.2714118957852976,Actual,2025,2025-04
2025-04-01,Shared Services,0.0,646875.0,471912.0,30643351.46,0.0,2296178.32,0.0,-30643351.46,-31290226.46,-31762138.46,-34058316.78,,,,Actual,2025,2025-04
2025-04-01,Subscription Services,1727797.49,0.0,0.0,3115805.0300000003,6773644.35,0.0,5045846.859999999,1930041.8299999991,1930041.8299999991,1930041.8299999991,1930041.8299999991,0.744923500449208,0.28493403702247805,0.28493403702247805,Actual,2025,2025-04
2025-04-01,Wholesale,20319599.58,0.0,0.0,3911526.23,33609780.0,0.0,13290180.420000002,9378654.190000001,9378654.190000001,9378654.190000001,9378654.190000001,0.39542598672172213,0.27904539065712425,0.27904539065712425,Actual,2025,2025-04
2025-05-01,Digital Commerce,25766641.8,0.0,0.0,9460366.53,56039021.18,0.0,30272379.38,20812012.85,20812012.85,20812012.85,20812012.85,0.5402017869434885,0.37138430350435325,0.37138430350435325,Actual,2025,2025-05
2025-05-01,Retail Stores,18561036.45,107500.0,0.0,7744229.41,36495499.879999995,0.0,17934463.429999996,10190234.019999996,10082734.019999996,10082734.019999996,10082734.019999996,0.49141574958474027,0.2792189188668813,0.27627335022544697,Actual,2025,2025-05
2025-05-01,Shared Services,0.0,646875.0,471912.0,30923510.66,0.0,2426432.61,0.0,-30923510.66,-31570385.66,-32042297.66,-34468730.27,,,,Actual,2025,2025-05
2025-05-01,Subscription Services,1775764.2699999998,0.0,0.0,3213773.8,7037750.21,0.0,5261985.94,2048212.1400000006,2048212.1400000006,2048212.1400000006,2048212.1400000006,0.747680122622596,0.291032230312704,0.291032230312704,Actual,2025,2025-05
2025-05-01,Wholesale,19335589.88,0.0,0.0,3879944.4899999998,32020603.479999997,0.0,12685013.599999998,8805069.109999998,8805069.109999998,8805069.109999998,8805069.109999998,0.3961516093200127,0.2749813605324342,0.2749813605324342,Actual,2025,2025-05
2025-06-01,Digital Commerce,26661350.04,0.0,0.0,9683929.83,58100075.23,0.0,31438725.189999998,21754795.36,21754795.36,21754795.36,21754795.36,0.5411133301556657,0.3744366125840557,0.3744366125840557,Actual,2025,2025-06
2025-06-01,Retail Stores,19748602.94,107500.0,0.0,7752263.38,38691574.71,0.0,18942971.77,11190708.39,11083208.39,11083208.39,11083208.39,0.4895890620110664,0.2892285587721948,0.28645017611897555,Actual,2025,2025-06
2025-06-01,Shared Services,0.0,646875.0,471912.0,31371891.61,0.0,2657270.26,0.0,-31371891.61,-32018766.61,-32490678.61,-35147948.87,,,,Actual,2025,2025-06
2025-06-01,Subscription Services,1818209.8900000001,194791.67,0.0,3228128.34,7229871.81,0.0,5411661.92,2183533.58,1988741.9100000001,1988741.9100000001,1988741.9100000001,0.7485142284977803,0.30201553186321295,0.27507291446706855,Actual,2025,2025-06
2025-06-01,Wholesale,18998547.52,0.0,0.0,3876760.15,31168321.67,0.0,12169774.150000002,8293014.000000002,8293014.000000002,8293014.000000002,8293014.000000002,0.3904533031598426,0.2660718818229522,0.2660718818229522,Actual,2025,2025-06
2025-07-01,Digital Commerce,25271406.26,0.0,0.0,9450290.66,54745033.11,0.0,29473626.849999998,20023336.189999998,20023336.189999998,20023336.189999998,20023336.189999998,0.538379925550108,0.36575621663734886,0.36575621663734886,Actual,2025,2025-07
2025-07-01,Retail Stores,19315126.46,107500.0,0.0,7758922.720000001,37746356.09,0.0,18431229.630000003,10672306.910000002,10564806.910000002,10564806.910000002,10564806.910000002,0.4882916270395414,0.2827374087330081,0.27988945170786683,Actual,2025,2025-07
2025-07-01,Shared Services,0.0,646875.0,471912.0,31355550.54,0.0,1867162.42,0.0,-31355550.54,-32002425.54,-32474337.54,-34341499.96,,,,Actual,2025,2025-07
2025-07-01,Subscription Services,1862424.19,194791.67,0.0,3197145.57,7377543.37,0.0,5515119.18,2317973.61,2123181.94,2123181.94,2123181.94,0.7475549655765696,0.31419315261849823,0.2877898283368546,Actual,2025,2025-07
2025-07-01,Wholesale,17125489.74,0.0,0.0,3729231.35,28086383.259999998,0.0,10960893.52,7231662.17,7231662.17,7231662.17,7231662.17,0.3902564961295768,0.25747929532454866,0.25747929532454866,Actual,2025,2025-07
2025-08-01,Digital Commerce,24360123.39,0.0,0.0,9459914.54,53237286.47,0.0,28877163.08,19417248.54,19417248.54,19417248.54,19417248.54,0.5424236469353619,0.3647302450499972,0.3647302450499972,Actual,2025,2025-08
2025-08-01,Retail Stores,16996384.15,107500.0,0.0,7683345.06,33302222.71,0.0,16305838.560000002,8622493.500000004,8514993.500000004,8514993.500000004,8514993.500000004,0.48963213963203966,0.25891645657065526,0.2556884438059781,Actual,2025,2025-08
2025-08-01,Shared Services,0.0,646875.0,471912.0,32173613.970000003,0.0,1220869.32,0.0,-32173613.970000003,-32820488.970000003,-33292400.970000003,-34513270.29,,,,Actual,2025,2025-08
2025-08-01,Subscription Services,1964607.4500000002,194791.67,0.0,3240188.0,7712089.4,0.0,5747481.95,2507293.95,2312502.2800000003,2312502.2800000003,2312502.2800000003,0.7452561364239372,0.32511214794787,0.2998541847816235,Actual,2025,2025-08
2025-08-01,Wholesale,17550500.47,0.0,0.0,3779837.24,29261471.630000003,0.0,11710971.160000004,7931133.920000004,7931133.920000004,7931133.920000004,7931133.920000004,0.4002181198567422,0.2710435763548097,0.2710435763548097,Actual,2025,2025-08
2025-09-01,Digital Commerce,26891854.919999998,0.0,0.0,9887886.92,57980208.12,0.0,31088353.2,21200466.28,21200466.28,21200466.28,21200466.28,0.5361890584396888,0.3656500548622039,0.3656500548622039,Actual,2025,2025-09
2025-09-01,Retail Stores,18818400.14,241666.67,0.0,7765705.35,36835915.08,0.0,18017514.939999998,10251809.589999998,10010142.919999998,10010142.919999998,10010142.919999998,0.4891290171798278,0.2783101646242583,0.2717495384127158,Actual,2025,2025-09
2025-09-01,Shared Services,0.0,646875.0,471912.0,31541558.97,0.0,3000248.78,0.0,-31541558.97,-32188433.97,-32660345.97,-35660594.75,,,,Actual,2025,2025-09
2025-09-01,Subscription Services,1920130.23,194791.67,0.0,3235035.88,7602566.82,0.0,5682436.59,2447400.71,2252609.04,2252609.04,2252609.04,0.7474365861607777,0.32191768490105815,0.2962958555094949,Actual,2025,2025-09
2025-09-01,Wholesale,23392431.29,0.0,0.0,3950799.04,38541353.18,0.0,15148921.89,11198122.850000001,11198122.850000001,11198122.850000001,11198122.850000001,0.3930563055025563,0.29054825339684665,0.29054825339684665,Actual,2025,2025-09
2025-10-01,Digital Commerce,29256631.48,0.0,0.0,10273976.44,63728692.75,0.0,34472061.269999996,24198084.83,24198084.83,24198084.83,24198084.83,0.5409190081025159,0.3797047104814495,0.3797047104814495,Actual,2025,2025-10
2025-10-01,Retail Stores,19093626.03,241666.67,0.0,7838729.97,37542396.49,0.0,18448770.46,10610040.490000002,10368373.820000002,10368373.820000002,10368373.820000002,0.4914116355069159,0.2826148962766975,0.27617772943082575,Actual,2025,2025-10
2025-10-01,Shared Services,0.0,646875.0,471912.0,32377537.19,0.0,3768882.31,0.0,-32377537.19,-33024412.19,-33496324.19,-37265206.5,,,,Actual,2025,2025-10
2025-10-01,Subscription Services,2160212.13,194791.67,0.0,3237008.8699999996,8523723.71,0.0,6363511.580000001,3126502.7100000014,2931711.0400000014,2931711.0400000014,2931711.0400000014,0.7465647405410798,0.3668001000938123,0.3439472159990978,Actual,2025,2025-10
2025-10-01,Wholesale,23392670.87,0.0,0.0,4047550.45,38513905.04,0.0,15121234.169999998,11073683.719999999,11073683.719999999,11073683.719999999,11073683.719999999,0.3926175274695022,0.28752430345609015,0.28752430345609015,Actual,2025,2025-10
2025-11-01,Digital Commerce,34796089.04,0.0,0.0,11186114.89,75602109.88,0.0,40806020.839999996,29619905.949999996,29619905.949999996,29619905.949999996,29619905.949999996,0.5397471169094309,0.3917867635839054,0.3917867635839054,Actual,2025,2025-11
2025-11-01,Retail Stores,19913927.63,241666.67,0.0,8077378.75,39177328.7,0.0,19263401.070000004,11186022.320000004,10944355.650000004,10944355.650000004,10944355.650000004,0.4916976656961301,0.2855228442361871,0.27935431059647525,Actual,2025,2025-11
2025-11-01,Shared Services,0.0,646875.0,471912.0,32828909.34,0.0,4631417.53,0.0,-32828909.34,-33475784.34,-33947696.34,-38579113.870000005,,,,Actual,2025,2025-11
2025-11-01,Subscription Services,1979937.01,194791.67,0.0,3223221.03,7731528.07,0.0,5751591.0600000005,2528370.0300000007,2333578.360000001,2333578.360000001,2333578.360000001,0.7439138819552912,0.32702073989883357,0.3018262805065391,Actual,2025,2025-11
2025-11-01,Wholesale,20810492.38,0.0,0.0,4023810.7,34409829.59,0.0,13599337.210000005,9575526.510000005,9575526.510000005,9575526.510000005,9575526.510000005,0.3952166393161148,0.27827881230724816,0.27827881230724816,Actual,2025,2025-11
2025-12-01,Digital Commerce,37896103.269999996,0.0,0.0,11673088.16,82418811.19999999,0.0,44522707.92999999,32849619.769999992,32849619.769999992,32849619.769999992,32849619.769999992,0.5402008022411272,0.39856944418048096,0.39856944418048096,Actual,2025,2025-12
2025-12-01,Retail Stores,23908309.32,241666.67,0.0,8274201.01,46489799.42,0.0,22581490.1,14307289.090000002,14065622.420000002,14065622.420000002,14065622.420000002,0.485729996294314,0.3077511468858904,0.30255287386653995,Actual,2025,2025-12
2025-12-01,Shared Services,0.0,646875.0,471912.0,32560915.63,0.0,6158239.21,0.0,-32560915.63,-33207790.63,-33679702.629999995,-39837941.839999996,,,,Actual,2025,2025-12
2025-12-01,Subscription Services,2039540.68,194791.67,0.0,3276760.5100000002,8079889.32,0.0,6040348.640000001,2763588.1300000004,2568796.4600000004,2568796.4600000004,2568796.4600000004,0.7475781413302826,0.34203291908458966,0.31792470889935415,Actual,2025,2025-12
2025-12-01,Wholesale,19364904.540000003,0.0,0.0,3823880.18,32017405.53,0.0,12652500.989999998,8828620.809999999,8828620.809999999,8828620.809999999,8828620.809999999,0.39517571085342085,0.2757444166338733,0.2757444166338733,Actual,2025,2025-12
2026-01-01,Digital Commerce,24873271.7,0.0,0.0,9781878.47,54277518.66,0.0,29404246.959999997,19622368.489999995,19622368.489999995,19622368.489999995,19622368.489999995,0.5417389682861379,0.3615192620155786,0.3615192620155786,Actual,2026,2026-01
2026-01-01,Retail Stores,15336017.42,241666.67,0.0,7637770.5600000005,30374320.330000002,0.0,15038302.910000002,7400532.3500000015,7158865.680000002,7158865.680000002,7158865.680000002,0.4950992399703846,0.2436443768814366,0.2356880944897838,Actual,2026,2026-01
2026-01-01,Shared Services,0.0,646875.0,500226.72,33689676.839999996,0.0,703077.81,0.0,-33689676.839999996,-34336551.839999996,-34836778.559999995,-35539856.37,,,,Actual,2026,2026-01
2026-01-01,Subscription Services,1968394.85,194791.67,0.0,3345676.2,7849410.62,0.0,5881015.77,2535339.5699999994,2340547.8999999994,2340547.8999999994,2340547.8999999994,0.7492302358364836,0.32299744436098815,0.29818135568502074,Actual,2026,2026-01
2026-01-01,Wholesale,19208566.85,0.0,0.0,3914579.8299999996,31650454.409999996,0.0,12441887.559999995,8527307.729999995,8527307.729999995,8527307.729999995,8527307.729999995,0.39310296777505244,0.2694213365639952,0.2694213365639952,Actual,2026,2026-01
2026-02-01,Digital Commerce,25907237.3,0.0,0.0,9908100.41,55936035.58,0.0,30028798.279999997,20120697.869999997,20120697.869999997,20120697.869999997,20120697.869999997,0.5368417330372415,0.35970904375629686,0.35970904375629686,Actual,2026,2026-02
2026-02-01,Retail Stores,15585743.85,241666.67,0.0,7744258.55,30572611.700000003,0.0,14986867.850000003,7242609.300000004,7000942.630000004,7000942.630000004,7000942.630000004,0.49020567811025456,0.23689861275410773,0.22899393413615374,Actual,2026,2026-02
2026-02-01,Shared Services,0.0,646875.0,500226.72,34249404.24,0.0,852665.19,0.0,-34249404.24,-34896279.24,-35396505.96,-36249171.15,,,,Actual,2026,2026-02
2026-02-01,Subscription Services,2083760.24,194791.67,0.0,3396094.39,8208619.7,0.0,6124859.46,2728765.07,2533973.4,2533973.4,2533973.4,0.7461497406196075,0.33242678668619524,0.30869664969373595,Actual,2026,2026-02
2026-02-01,Wholesale,19567227.509999998,0.0,0.0,3909970.2399999998,32628750.58,0.0,13061523.07,9151552.83,9151552.83,9151552.83,9151552.83,0.40030717811199745,0.2804751229306801,0.2804751229306801,Actual,2026,2026-02
2026-03-01,Digital Commerce,27562051.830000002,0.0,0.0,9958745.78,59887618.57,0.0,32325566.74,22366820.96,22366820.96,22366820.96,22366820.96,0.5397704485813886,0.3734798860611966,0.3734798860611966,Actual,2026,2026-03
2026-03-01,Retail Stores,18273104.29,241666.67,0.0,7923727.16,35772229.58,0.0,17499125.29,9575398.129999999,9333731.459999999,9333731.459999999,9333731.459999999,0.48918184567907497,0.2676768611412898,0.26092115502966645,Actual,2026,2026-03
2026-03-01,Shared Services,0.0,816875.0,500226.72,34119415.48,0.0,2281861.16,0.0,-34119415.48,-34936290.48,-35436517.199999996,-37718378.36,,,,Actual,2026,2026-03
2026-03-01,Subscription Services,2013010.5999999999,194791.67,0.0,3373771.33,7896588.06,0.0,5883577.46,2509806.13,2315014.46,2315014.46,2315014.46,0.7450784332797018,0.3178342482765905,0.2931664210428624,Actual,2026,2026-03
2026-03-01,Wholesale,22541369.24,0.0,0.0,4025720.34,37115484.52,0.0,14574115.280000005,10548394.940000005,10548394.940000005,10548394.940000005,10548394.940000005,0.3926694065423453,0.2842046945208518,0.2842046945208518,Actual,2026,2026-03
2026-04-01,Digital Commerce,29126086.82,0.0,0.0,10631462.63,63255576.46,0.0,34129489.64,23498027.009999998,23498027.009999998,23498027.009999998,23498027.009999998,0.539549104600793,0.37147755700019747,0.37147755700019747,Actual,2026,2026-04
2026-04-01,Retail Stores,18715542.52,241666.67,0.0,8252699.09,36706211.22,0.0,17990668.7,9737969.61,9496302.94,9496302.94,9496302.94,0.4901260059822649,0.26529487207587643,0.2587110634514569,Actual,2026,2026-04
2026-04-01,Shared Services,0.0,816875.0,500226.72,35101837.5,0.0,2490674.92,0.0,-35101837.5,-35918712.5,-36418939.22,-38909614.14,,,,Actual,2026,2026-04
2026-04-01,Subscription Services,2047623.6800000002,194791.67,0.0,3532029.74,8121340.74,0.0,6073717.0600000005,2541687.3200000003,2346895.6500000004,2346895.6500000004,2346895.6500000004,0.7478712264940629,0.312964004512388,0.2889788429194759,Actual,2026,2026-04
2026-04-01,Wholesale,23469866.41,0.0,0.0,4243537.87,38753817.57,0.0,15283951.16,11040413.29,11040413.29,11040413.29,11040413.29,0.3943856920003559,0.2848858249915119,0.2848858249915119,Actual,2026,2026-04
2026-05-01,Digital Commerce,29253708.02,0.0,0.0,10591165.57,63396247.09,0.0,34142539.07000001,23551373.500000007,23551373.500000007,23551373.500000007,23551373.500000007,0.5385577323138673,0.37149475846047286,0.37149475846047286,Actual,2026,2026-05
2026-05-01,Retail Stores,19819656.45,241666.67,0.0,8389667.86,38998954.64,0.0,19179298.19,10789630.330000002,10547963.660000002,10547963.660000002,10547963.660000002,0.491790058657839,0.2766646036951313,0.27046785631482767,Actual,2026,2026-05
2026-05-01,Shared Services,0.0,816875.0,500226.72,35003053.769999996,0.0,2602144.74,0.0,-35003053.769999996,-35819928.769999996,-36320155.489999995,-38922300.23,,,,Actual,2026,2026-05
2026-05-01,Subscription Services,2146955.71,194791.67,0.0,3535290.72,8438863.52,0.0,6291907.81,2756617.0899999994,2561825.4199999995,2561825.4199999995,2561825.4199999995,0.7455871036530284,0.32665738502191105,0.30357469509117024,Actual,2026,2026-05
2026-05-01,Wholesale,22345071.78,0.0,0.0,4257105.78,36669749.41,0.0,14324677.629999995,10067571.849999994,10067571.849999994,10067571.849999994,10067571.849999994,0.3906401832703442,0.2745470588695794,0.2745470588695794,Actual,2026,2026-05
2026-06-01,Digital Commerce,30293596.830000002,0.0,0.0,10973029.17,66145683.410000004,0.0,35852086.58,24879057.409999996,24879057.409999996,24879057.409999996,24879057.409999996,0.5420170256277045,0.3761251850069893,0.3761251850069893,Actual,2026,2026-06
2026-06-01,Retail Stores,21213713.13,241666.67,0.0,8516617.79,41596842.63,0.0,20383129.500000004,11866511.710000005,11624845.040000005,11624845.040000005,11624845.040000005,0.4900162659292683,0.2852743371787015,0.27946460127759953,Actual,2026,2026-06
2026-06-01,Shared Services,0.0,816875.0,500226.72,35464623.39,0.0,2783849.01,0.0,-35464623.39,-36281498.39,-36781725.11,-39565574.12,,,,Actual,2026,2026-06
2026-06-01,Subscription Services,2099270.65,194791.67,0.0,3557795.46,8291553.7,0.0,6192283.050000001,2634487.590000001,2439695.920000001,2439695.920000001,2439695.920000001,0.7468181807711142,0.3177314753446029,0.2942386925625291,Actual,2026,2026-06
2026-06-01,Wholesale,20265075.57,0.0,0.0,4174969.69,33413568.03,0.0,13148492.46,8973522.770000001,8973522.770000001,8973522.770000001,8973522.770000001,0.3935075849485686,0.26855925000117387,0.26855925000117387,Actual,2026,2026-06
2026-01-01,Digital Commerce,24221402.51,0.0,0.0,10309903.53,53677010.71,0.0,29455608.2,19145704.67,19145704.67,19145704.67,19145704.67,0.5487564938952987,0.356683511558388,0.356683511558388,Budget,2026,2026-01
2026-01-01,Retail Stores,15490272.010000002,233333.33000000002,0.0,8358658.82,30904689.05,0.0,15414417.04,7055758.219999999,6822424.889999999,6822424.889999999,6822424.889999999,0.4987727595337187,0.2283070445583402,0.22075694982603292,Budget,2026,2026-01
2026-01-01,Shared Services,0.0,656944.45,453035.52,34416874.800000004,0.0,202774.14,0.0,-34416874.800000004,-35073819.25000001,-35526854.77000001,-35729628.91000001,,,,Budget,2026,2026-01
2026-01-01,Subscription Services,1816108.81,200000.0,0.0,3544876.66,7412689.03,0.0,5596580.220000001,2051703.5600000005,1851703.5600000005,1851703.5600000005,1851703.5600000005,0.755000000317024,0.2767826293125911,0.24980186711002506,Budget,2026,2026-01
2026-01-01,Wholesale,18758436.529999997,0.0,0.0,4083609.31,31360164.06,0.0,12601727.530000001,8518118.22,8518118.22,8518118.22,8518118.22,0.4018386991180811,0.2716222467364222,0.2716222467364222,Budget,2026,2026-01
2026-02-01,Digital Commerce,24771399.16,0.0,0.0,10839136.02,54892288.5,0.0,30120889.34,19281753.32,19281753.32,19281753.32,19281753.32,0.5487271557278943,0.35126524775879947,0.35126524775879947,Budget,2026,2026-02
2026-02-01,Retail Stores,16073202.610000001,233333.33000000002,0.0,8621180.21,32072837.35,0.0,15999634.74,7378454.529999999,7145121.199999999,7145121.199999999,7145121.199999999,0.4988531125388568,0.23005306482496157,0.22277795762276079,Budget,2026,2026-02
2026-02-01,Shared Services,0.0,656944.45,453035.52,35419147.19,0.0,178181.14,0.0,-35419147.19,-36076091.64,-36529127.160000004,-36707308.300000004,,,,Budget,2026,2026-02
2026-02-01,Subscription Services,1847314.02,200000.0,0.0,3727479.7800000003,7540057.25,0.0,5692743.23,1965263.4500000002,1765263.4500000002,1765263.4500000002,1765263.4500000002,0.7550000008289063,0.2606430408734629,0.23411804333448533,Budget,2026,2026-02
2026-02-01,Wholesale,20044332.92,0.0,0.0,4411665.2299999995,33505711.92,0.0,13461379.0,9049713.77,9049713.77,9049713.77,9049713.77,0.40176370620451507,0.2700946570425834,0.2700946570425834,Budget,2026,2026-02
2026-03-01,Digital Commerce,28067623.27,0.0,0.0,11307609.82,62180077.35,0.0,34112454.08,22804844.259999998,22804844.259999998,22804844.259999998,22804844.259999998,0.5486074565006953,0.3667548390400965,0.3667548390400965,Budget,2026,2026-03
2026-03-01,Retail Stores,18413415.44,233333.33000000002,0.0,8841248.950000001,36735494.82,0.0,18322079.38,9480830.429999998,9247497.099999998,9247497.099999998,9247497.099999998,0.4987568418440048,0.258083645707103,0.2517319324351488,Budget,2026,2026-03
2026-03-01,Shared Services,0.0,831944.45,453035.52,35246731.769999996,0.0,2153582.84,0.0,-35246731.769999996,-36078676.22,-36531711.74,-38685294.58,,,,Budget,2026,2026-03
2026-03-01,Subscription Services,1982097.3599999999,200000.0,0.0,3712833.09,8090193.29,0.0,6108095.93,2395262.84,2195262.84,2195262.84,2195262.84,0.7549999995117546,0.2960699150366035,0.27134862682619537,Budget,2026,2026-03
2026-03-01,Wholesale,23027196.21,0.0,0.0,4573662.6,38499297.72,0.0,15472101.509999998,10898438.909999998,10898438.909999998,10898438.909999998,10898438.909999998,0.40188009720401724,0.28308149902532814,0.28308149902532814,Budget,2026,2026-03
2026-04-01,Digital Commerce,28519803.09,0.0,0.0,11389086.45,63137208.46,0.0,34617405.370000005,23228318.920000006,23228318.920000006,23228318.920000006,23228318.920000006,0.5482885007805112,0.36790221624568803,0.36790221624568803,Budget,2026,2026-04
2026-04-01,Retail Stores,19485555.22,233333.33000000002,0.0,8931030.77,38886349.05,0.0,19400793.83,10469763.059999999,10236429.729999999,10236429.729999999,10236429.729999999,0.4989101395210564,0.26924006279267815,0.26323967099194673,Budget,2026,2026-04
2026-04-01,Shared Services,0.0,831944.45,453035.52,35471272.95,0.0,2404130.11,0.0,-35471272.95,-36303217.400000006,-36756252.92000001,-39160383.03000001,,,,Budget,2026,2026-04
2026-04-01,Subscription Services,1999749.1400000001,200000.0,0.0,3700837.24,8162241.44,0.0,6162492.300000001,2461655.0600000005,2261655.0600000005,2261655.0600000005,2261655.0600000005,0.7550000015681967,0.30159057142519424,0.27708749816153444,Budget,2026,2026-04
2026-04-01,Wholesale,22624443.71,0.0,0.0,4540189.14,37811002.5,0.0,15186558.79,10646369.649999999,10646369.649999999,10646369.649999999,10646369.649999999,0.40164390748433604,0.281568034330748,0.281568034330748,Budget,2026,2026-04
2026-05-01,Digital Commerce,29489291.38,0.0,0.0,11531901.99,65285459.67,0.0,35796168.29000001,24264266.300000004,24264266.300000004,24264266.300000004,24264266.300000004,0.5483023091349861,0.3716641718178777,0.3716641718178777,Budget,2026,2026-05
2026-05-01,Retail Stores,20209693.5,233333.33000000002,0.0,9018557.57,40327527.37,0.0,20117833.869999997,11099276.299999997,10865942.969999997,10865942.969999997,10865942.969999997,0.49886108030927356,0.2752282875705602,0.2694423308006547,Budget,2026,2026-05
2026-05-01,Shared Services,0.0,831944.45,453035.52,35930096.69,0.0,2581610.0,0.0,-35930096.69,-36762041.14,-37215076.660000004,-39796686.660000004,,,,Budget,2026,2026-05
2026-05-01,Subscription Services,2077719.81,200000.0,0.0,3772360.13,8480489.0,0.0,6402769.1899999995,2630409.0599999996,2430409.0599999996,2430409.0599999996,2430409.0599999996,0.7549999994104113,0.3101718615518515,0.2865883158388626,Budget,2026,2026-05
2026-05-01,Wholesale,21545636.59,0.0,0.0,4496643.99,36023178.92,0.0,14477542.330000002,9980898.340000002,9980898.340000002,9980898.340000002,9980898.340000002,0.40189518982074335,0.2770687829123994,0.2770687829123994,Budget,2026,2026-05
2026-06-01,Digital Commerce,30591053.23,0.0,0.0,11675354.23,67686587.65,0.0,37095534.42,25420180.19,25420180.19,25420180.19,25420180.19,0.5480485234654904,0.37555712398215424,0.37555712398215424,Budget,2026,2026-06
2026-06-01,Retail Stores,21426293.5,233333.33000000002,0.0,9068434.15,42754190.06,0.0,21327896.560000002,12259462.410000002,12026129.080000002,12026129.080000002,12026129.080000002,0.4988492713829696,0.28674294596144667,0.28128539128265273,Budget,2026,2026-06
2026-06-01,Shared Services,0.0,831944.45,453035.52,36504444.95,0.0,2963976.6,0.0,-36504444.95,-37336389.400000006,-37789424.92000001,-40753401.52000001,,,,Budget,2026,2026-06
2026-06-01,Subscription Services,2134438.9,200000.0,0.0,3780124.5500000003,8711995.53,0.0,6577556.629999999,2797432.0799999987,2597432.0799999987,2597432.0799999987,2597432.0799999987,0.7550000005567036,0.3211011840360757,0.29814433111859034,Budget,2026,2026-06
2026-06-01,Wholesale,20982291.99,0.0,0.0,4480479.91,35064361.88,0.0,14082069.890000004,9601589.980000004,9601589.980000004,9601589.980000004,9601589.980000004,0.4016063357488941,0.273827597743239,0.273827597743239,Budget,2026,2026-06
2026-07-01,Digital Commerce,28852020.25,0.0,0.0,11449658.06,63777963.58,0.0,34925943.33,23476285.269999996,23476285.269999996,23476285.269999996,23476285.269999996,0.5476177251440552,0.368093992849936,0.368093992849936,Budget,2026,2026-07
2026-07-01,Retail Stores,20904463.07,233333.33000000002,0.0,9093232.02,41709723.480000004,0.0,20805260.410000004,11712028.390000004,11478695.060000004,11478695.060000004,11478695.060000004,0.49881079695904046,0.28079851441872955,0.27520429536062707,Budget,2026,2026-07
2026-07-01,Shared Services,0.0,831944.45,453035.52,36243202.89,0.0,2123417.53,0.0,-36243202.89,-37075147.34,-37528182.86000001,-39651600.39000001,,,,Budget,2026,2026-07
2026-07-01,Subscription Services,2178035.2399999998,200000.0,0.0,3759705.16,8889939.76,0.0,6711904.52,2952199.3599999994,2752199.3599999994,2752199.3599999994,2752199.3599999994,0.755000000134984,0.3320831681316139,0.30958582783467586,Budget,2026,2026-07
2026-07-01,Wholesale,18901726.72,0.0,0.0,4380781.18,31597181.17,0.0,12695454.450000003,8314673.270000003,8314673.270000003,8314673.270000003,8314673.270000003,0.4017907287898746,0.2631460453787056,0.2631460453787056,Budget,2026,2026-07
2026-08-01,Digital Commerce,28014832.53,0.0,0.0,11371284.66,62021438.730000004,0.0,34006606.2,22635321.540000003,22635321.540000003,22635321.540000003,22635321.540000003,0.5483040525396725,0.3649596333703109,0.3649596333703109,Budget,2026,2026-08
2026-08-01,Retail Stores,18443929.85,233333.33000000002,0.0,8936683.5,36798956.089999996,0.0,18355026.239999995,9418342.739999995,9185009.409999995,9185009.409999995,9185009.409999995,0.49879203624985213,0.25594048692482885,0.24959972743618108,Budget,2026,2026-08
2026-08-01,Shared Services,0.0,831944.45,453035.52,37169816.08,0.0,1293007.5,0.0,-37169816.08,-38001760.53,-38454796.050000004,-39747803.550000004,,,,Budget,2026,2026-08
2026-08-01,Subscription Services,2276801.6,200000.0,0.0,3809552.77,9293067.73,0.0,7016266.130000001,3206713.360000001,3006713.360000001,3006713.360000001,3006713.360000001,0.7549999993382165,0.3450651015539301,0.32354368302876885,Budget,2026,2026-08
2026-08-01,Wholesale,19688073.4,0.0,0.0,4431300.46,32919155.59,0.0,13231082.190000001,8799781.73,8799781.73,8799781.73,8799781.73,0.4019265364759012,0.2673149287180729,0.2673149287180729,Budget,2026,2026-08
2026-09-01,Digital Commerce,30521942.47,0.0,0.0,11576223.629999999,67546942.46,0.0,37024999.989999995,25448776.359999996,25448776.359999996,25448776.359999996,25448776.359999996,0.5481373196414552,0.3767568957702308,0.3767568957702308,Budget,2026,2026-09
2026-09-01,Retail Stores,20398662.099999998,233333.33000000002,0.0,8876103.07,40703686.16,0.0,20305024.06,11428920.989999998,11195587.659999998,11195587.659999998,11195587.659999998,0.4988497597044169,0.28078343924613236,0.27505095278083286,Budget,2026,2026-09
2026-09-01,Shared Services,0.0,831944.45,453035.52,35991259.78,0.0,3736279.96,0.0,-35991259.78,-36823204.230000004,-37276239.75000001,-41012519.71000001,,,,Budget,2026,2026-09
2026-09-01,Subscription Services,2244467.79,200000.0,0.0,3816310.72,9161093.02,0.0,6916625.2299999995,3100314.5099999993,2900314.5099999993,2900314.5099999993,2900314.5099999993,0.7549999999890843,0.33842190044698395,0.3165904443572607,Budget,2026,2026-09
2026-09-01,Wholesale,25953955.04,0.0,0.0,4728386.25,43359022.33,0.0,17405067.29,12676681.04,12676681.04,12676681.04,12676681.04,0.4014174295151825,0.29236547225441095,0.29236547225441095,Budget,2026,2026-09
2026-10-01,Digital Commerce,33517098.57,0.0,0.0,12437404.49,74243927.06,0.0,40726828.49,28289424.0,28289424.0,28289424.0,28289424.0,0.5485543411124622,0.38103350833177224,0.38103350833177224,Budget,2026,2026-10
2026-10-01,Retail Stores,20789215.54,233333.33000000002,0.0,9157001.120000001,41484348.120000005,0.0,20695132.580000006,11538131.460000005,11304798.130000005,11304798.130000005,11304798.130000005,0.49886604268520934,0.2781321626803474,0.2725075514576991,Budget,2026,2026-10
2026-10-01,Shared Services,0.0,1113194.4500000002,453035.52,36996147.22,0.0,4263510.95,0.0,-36996147.22,-38109341.67,-38562377.190000005,-42825888.14000001,,,,Budget,2026,2026-10
2026-10-01,Subscription Services,2516416.33,200000.0,0.0,3949783.67,10271087.07,0.0,7754670.74,3804887.0700000003,3604887.0700000003,3604887.0700000003,3604887.0700000003,0.7550000002093255,0.370446384503291,0.3509742489214435,Budget,2026,2026-10
2026-10-01,Wholesale,25919434.32,0.0,0.0,4991397.069999999,43328143.17,0.0,17408708.85,12417311.780000001,12417311.780000001,12417311.780000001,12417311.780000001,0.4017875583012204,0.2865876742347369,0.2865876742347369,Budget,2026,2026-10
2026-11-01,Digital Commerce,39781816.6,0.0,0.0,13367935.09,88076458.01,0.0,48294641.410000004,34926706.32000001,34926706.32000001,34926706.32000001,34926706.32000001,0.5483263348818675,0.3965498512217023,0.3965498512217023,Budget,2026,2026-11
2026-11-01,Retail Stores,21692886.66,233333.33000000002,0.0,9227417.42,43290948.21,0.0,21598061.55,12370644.13,12137310.8,12137310.8,12137310.8,0.49890479287332756,0.2857559060612685,0.2803660188065906,Budget,2026,2026-11
2026-11-01,Shared Services,0.0,1113194.4500000002,453035.52,37659489.07,0.0,5344689.58,0.0,-37659489.07,-38772683.52,-39225719.04000001,-44570408.620000005,,,,Budget,2026,2026-11
2026-11-01,Subscription Services,2282540.37,200000.0,0.0,3965210.76,9316491.32,0.0,7033950.95,3068740.1900000004,2868740.1900000004,2868740.1900000004,2868740.1900000004,0.7550000003649443,0.3293879728532823,0.3079206636345581,Budget,2026,2026-11
2026-11-01,Wholesale,23166401.19,0.0,0.0,4872937.03,38711058.29,0.0,15544657.099999998,10671720.069999997,10671720.069999997,10671720.069999997,10671720.069999997,0.40155598391417674,0.2756762677489693,0.2756762677489693,Budget,2026,2026-11
2026-12-01,Digital Commerce,43335879.52,0.0,0.0,13864187.84,96017915.03999999,0.0,52682035.51999999,38817847.67999999,38817847.67999999,38817847.67999999,38817847.67999999,0.5486688135027015,0.40427713582229846,0.40427713582229846,Budget,2026,2026-12
2026-12-01,Retail Stores,25747682.49,233333.33000000002,0.0,9519535.870000001,51371228.35,0.0,25623545.860000003,16104009.990000002,15870676.660000002,15870676.660000002,15870676.660000002,0.49879176891435967,0.3134830625477929,0.3089409611129145,Budget,2026,2026-12
2026-12-01,Shared Services,0.0,1113194.4500000002,453035.52,37231369.22,0.0,7169359.2,0.0,-37231369.22,-38344563.67,-38797599.190000005,-45966958.39000001,,,,Budget,2026,2026-12
2026-12-01,Subscription Services,2385385.32,200000.0,0.0,4031839.56,9736266.63,0.0,7350881.3100000005,3319041.7500000005,3119041.7500000005,3119041.7500000005,3119041.7500000005,0.7550000004467832,0.34089470596184773,0.32035295134476,Budget,2026,2026-12
2026-12-01,Wholesale,21558976.09,0.0,0.0,4793135.24,36019581.22,0.0,14460605.129999999,9667469.889999999,9667469.889999999,9667469.889999999,9667469.889999999,0.40146510981562156,0.26839484420857457,0.26839484420857457,Budget,2026,2026-12
2026-01-01,Digital Commerce,24873271.7,0.0,0.0,9781878.47,54277518.66,0.0,29404246.959999997,19622368.489999995,19622368.489999995,19622368.489999995,19622368.489999995,0.5417389682861379,0.3615192620155786,0.3615192620155786,Forecast,2026,2026-01
2026-01-01,Retail Stores,15336017.42,241666.67,0.0,7637770.5600000005,30374320.330000002,0.0,15038302.910000002,7400532.3500000015,7158865.680000002,7158865.680000002,7158865.680000002,0.4950992399703846,0.2436443768814366,0.2356880944897838,Forecast,2026,2026-01
2026-01-01,Shared Services,0.0,646875.0,500226.72,33689676.839999996,0.0,703077.81,0.0,-33689676.839999996,-34336551.839999996,-34836778.559999995,-35539856.37,,,,Forecast,2026,2026-01
2026-01-01,Subscription Services,1968394.85,194791.67,0.0,3345676.2,7849410.62,0.0,5881015.77,2535339.5699999994,2340547.8999999994,2340547.8999999994,2340547.8999999994,0.7492302358364836,0.32299744436098815,0.29818135568502074,Forecast,2026,2026-01
2026-01-01,Wholesale,19208566.85,0.0,0.0,3914579.8299999996,31650454.409999996,0.0,12441887.559999995,8527307.729999995,8527307.729999995,8527307.729999995,8527307.729999995,0.39310296777505244,0.2694213365639952,0.2694213365639952,Forecast,2026,2026-01
2026-02-01,Digital Commerce,25907237.3,0.0,0.0,9908100.41,55936035.58,0.0,30028798.279999997,20120697.869999997,20120697.869999997,20120697.869999997,20120697.869999997,0.5368417330372415,0.35970904375629686,0.35970904375629686,Forecast,2026,2026-02
2026-02-01,Retail Stores,15585743.85,241666.67,0.0,7744258.55,30572611.700000003,0.0,14986867.850000003,7242609.300000004,7000942.630000004,7000942.630000004,7000942.630000004,0.49020567811025456,0.23689861275410773,0.22899393413615374,Forecast,2026,2026-02
2026-02-01,Shared Services,0.0,646875.0,500226.72,34249404.24,0.0,852665.19,0.0,-34249404.24,-34896279.24,-35396505.96,-36249171.15,,,,Forecast,2026,2026-02
2026-02-01,Subscription Services,2083760.24,194791.67,0.0,3396094.39,8208619.7,0.0,6124859.46,2728765.07,2533973.4,2533973.4,2533973.4,0.7461497406196075,0.33242678668619524,0.30869664969373595,Forecast,2026,2026-02
2026-02-01,Wholesale,19567227.509999998,0.0,0.0,3909970.2399999998,32628750.58,0.0,13061523.07,9151552.83,9151552.83,9151552.83,9151552.83,0.40030717811199745,0.2804751229306801,0.2804751229306801,Forecast,2026,2026-02
2026-03-01,Digital Commerce,27562051.830000002,0.0,0.0,9958745.78,59887618.57,0.0,32325566.74,22366820.96,22366820.96,22366820.96,22366820.96,0.5397704485813886,0.3734798860611966,0.3734798860611966,Forecast,2026,2026-03
2026-03-01,Retail Stores,18273104.29,241666.67,0.0,7923727.16,35772229.58,0.0,17499125.29,9575398.129999999,9333731.459999999,9333731.459999999,9333731.459999999,0.48918184567907497,0.2676768611412898,0.26092115502966645,Forecast,2026,2026-03
2026-03-01,Shared Services,0.0,816875.0,500226.72,34119415.48,0.0,2281861.16,0.0,-34119415.48,-34936290.48,-35436517.199999996,-37718378.36,,,,Forecast,2026,2026-03
2026-03-01,Subscription Services,2013010.5999999999,194791.67,0.0,3373771.33,7896588.06,0.0,5883577.46,2509806.13,2315014.46,2315014.46,2315014.46,0.7450784332797018,0.3178342482765905,0.2931664210428624,Forecast,2026,2026-03
2026-03-01,Wholesale,22541369.24,0.0,0.0,4025720.34,37115484.52,0.0,14574115.280000005,10548394.940000005,10548394.940000005,10548394.940000005,10548394.940000005,0.3926694065423453,0.2842046945208518,0.2842046945208518,Forecast,2026,2026-03
2026-04-01,Digital Commerce,29126086.82,0.0,0.0,10631462.63,63255576.46,0.0,34129489.64,23498027.009999998,23498027.009999998,23498027.009999998,23498027.009999998,0.539549104600793,0.37147755700019747,0.37147755700019747,Forecast,2026,2026-04
2026-04-01,Retail Stores,18715542.52,241666.67,0.0,8252699.09,36706211.22,0.0,17990668.7,9737969.61,9496302.94,9496302.94,9496302.94,0.4901260059822649,0.26529487207587643,0.2587110634514569,Forecast,2026,2026-04
2026-04-01,Shared Services,0.0,816875.0,500226.72,35101837.5,0.0,2490674.92,0.0,-35101837.5,-35918712.5,-36418939.22,-38909614.14,,,,Forecast,2026,2026-04
2026-04-01,Subscription Services,2047623.6800000002,194791.67,0.0,3532029.74,8121340.74,0.0,6073717.0600000005,2541687.3200000003,2346895.6500000004,2346895.6500000004,2346895.6500000004,0.7478712264940629,0.312964004512388,0.2889788429194759,Forecast,2026,2026-04
2026-04-01,Wholesale,23469866.41,0.0,0.0,4243537.87,38753817.57,0.0,15283951.16,11040413.29,11040413.29,11040413.29,11040413.29,0.3943856920003559,0.2848858249915119,0.2848858249915119,Forecast,2026,2026-04
2026-05-01,Digital Commerce,29253708.02,0.0,0.0,10591165.57,63396247.09,0.0,34142539.07000001,23551373.500000007,23551373.500000007,23551373.500000007,23551373.500000007,0.5385577323138673,0.37149475846047286,0.37149475846047286,Forecast,2026,2026-05
2026-05-01,Retail Stores,19819656.45,241666.67,0.0,8389667.86,38998954.64,0.0,19179298.19,10789630.330000002,10547963.660000002,10547963.660000002,10547963.660000002,0.491790058657839,0.2766646036951313,0.27046785631482767,Forecast,2026,2026-05
2026-05-01,Shared Services,0.0,816875.0,500226.72,35003053.769999996,0.0,2602144.74,0.0,-35003053.769999996,-35819928.769999996,-36320155.489999995,-38922300.23,,,,Forecast,2026,2026-05
2026-05-01,Subscription Services,2146955.71,194791.67,0.0,3535290.72,8438863.52,0.0,6291907.81,2756617.0899999994,2561825.4199999995,2561825.4199999995,2561825.4199999995,0.7455871036530284,0.32665738502191105,0.30357469509117024,Forecast,2026,2026-05
2026-05-01,Wholesale,22345071.78,0.0,0.0,4257105.78,36669749.41,0.0,14324677.629999995,10067571.849999994,10067571.849999994,10067571.849999994,10067571.849999994,0.3906401832703442,0.2745470588695794,0.2745470588695794,Forecast,2026,2026-05
2026-06-01,Digital Commerce,30293596.830000002,0.0,0.0,10973029.17,66145683.410000004,0.0,35852086.58,24879057.409999996,24879057.409999996,24879057.409999996,24879057.409999996,0.5420170256277045,0.3761251850069893,0.3761251850069893,Forecast,2026,2026-06
2026-06-01,Retail Stores,21213713.13,241666.67,0.0,8516617.79,41596842.63,0.0,20383129.500000004,11866511.710000005,11624845.040000005,11624845.040000005,11624845.040000005,0.4900162659292683,0.2852743371787015,0.27946460127759953,Forecast,2026,2026-06
2026-06-01,Shared Services,0.0,816875.0,500226.72,35464623.39,0.0,2783849.01,0.0,-35464623.39,-36281498.39,-36781725.11,-39565574.12,,,,Forecast,2026,2026-06
2026-06-01,Subscription Services,2099270.65,194791.67,0.0,3557795.46,8291553.7,0.0,6192283.050000001,2634487.590000001,2439695.920000001,2439695.920000001,2439695.920000001,0.7468181807711142,0.3177314753446029,0.2942386925625291,Forecast,2026,2026-06
2026-06-01,Wholesale,20265075.57,0.0,0.0,4174969.69,33413568.03,0.0,13148492.46,8973522.770000001,8973522.770000001,8973522.770000001,8973522.770000001,0.3935075849485686,0.26855925000117387,0.26855925000117387,Forecast,2026,2026-06
2026-07-01,Digital Commerce,28830809.54,0.0,0.0,10554166.89,62990881.71,0.0,34160072.17,23605905.28,23605905.28,23605905.28,23605905.28,0.5423018577080336,0.37475114872463344,0.37475114872463344,Forecast,2026,2026-07
2026-07-01,Retail Stores,20772218.07,241666.67,0.0,8316321.12,41009206.22,0.0,20236988.15,11920667.029999997,11679000.359999998,11679000.359999998,11679000.359999998,0.4934742711535468,0.2906827058794994,0.28478972007763964,Forecast,2026,2026-07
2026-07-01,Shared Services,0.0,816875.0,453035.52,34480010.98,0.0,2828975.48,0.0,-34480010.98,-35296885.98,-35749921.5,-38578896.98,,,,Forecast,2026,2026-07
2026-07-01,Subscription Services,2266161.93,194791.67,0.0,3522500.66,8994158.5,0.0,6727996.57,3205495.91,3010704.24,3010704.24,3010704.24,0.7480406944129349,0.3563975340216653,0.3347399581628454,Forecast,2026,2026-07
2026-07-01,Wholesale,19452499.52,0.0,0.0,4042342.22,32265055.27,0.0,12812555.75,8770213.53,8770213.53,8770213.53,8770213.53,0.3971031706836435,0.2718177128974123,0.2718177128974123,Forecast,2026,2026-07
2026-08-01,Digital Commerce,28206803.85,0.0,0.0,10839730.25,61627525.35,0.0,33420721.5,22580991.25,22580991.25,22580991.25,22580991.25,0.5423018579797639,0.3664108062388716,0.3664108062388716,Forecast,2026,2026-08
2026-08-01,Retail Stores,18209187.06,241666.67,0.0,8348905.9799999995,35949184.86,0.0,17739997.8,9391091.82,9149425.15,9149425.15,9149425.15,0.4934742712271891,0.2612323994708791,0.2545099474614346,Forecast,2026,2026-08
2026-08-01,Shared Services,0.0,816875.0,453035.52,34912476.410000004,0.0,2029066.36,0.0,-34912476.410000004,-35729351.410000004,-36182386.93000001,-38211453.29000001,,,,Forecast,2026,2026-08
2026-08-01,Subscription Services,2337237.88,194791.67,0.0,3548788.5300000003,9276251.51,0.0,6939013.63,3390225.0999999996,3195433.4299999997,3195433.4299999997,3195433.4299999997,0.748040695373513,0.3654736071294815,0.34447464329263316,Forecast,2026,2026-08
2026-08-01,Wholesale,20837134.22,0.0,0.0,4351754.7700000005,34561691.52,0.0,13724557.300000004,9372802.530000005,9372802.530000005,9372802.530000005,9372802.530000005,0.39710317106609033,0.271190503641183,0.271190503641183,Forecast,2026,2026-08
2026-09-01,Digital Commerce,29922331.82,0.0,0.0,11096439.370000001,65375689.93,0.0,35453358.11,24356918.74,24356918.74,24356918.74,24356918.74,0.5423018578918422,0.37256843891176966,0.37256843891176966,Forecast,2026,2026-09
2026-09-01,Retail Stores,20068165.36,241666.67,0.0,8499266.94,39619241.879999995,0.0,19551076.519999996,11051809.579999996,10810142.909999996,10810142.909999996,10810142.909999996,0.4934742713961289,0.27895055673892155,0.2728508269477265,Forecast,2026,2026-09
2026-09-01,Shared Services,0.0,816875.0,453035.52,35099576.21,0.0,3520072.68,0.0,-35099576.21,-35916451.21,-36369486.730000004,-39889559.410000004,,,,Forecast,2026,2026-09
2026-09-01,Subscription Services,2368780.83,194791.67,0.0,3565096.5100000002,9401442.16,0.0,7032661.33,3467564.82,3272773.15,3272773.15,3272773.15,0.7480406952798825,0.3688332875942514,0.3481139482966302,Forecast,2026,2026-09
2026-09-01,Wholesale,25167720.84,0.0,0.0,4566992.69,41744656.17,0.0,16576935.330000002,12009942.64,12009942.64,12009942.64,12009942.64,0.39710317082245117,0.2877001212105085,0.2877001212105085,Forecast,2026,2026-09
2026-10-01,Digital Commerce,32255621.91,0.0,0.0,11197405.25,70473569.68,0.0,38217947.77000001,27020542.52000001,27020542.52000001,27020542.52000001,27020542.52000001,0.5423018578956139,0.38341384781120696,0.38341384781120696,Forecast,2026,2026-10
2026-10-01,Retail Stores,20152148.92,241666.67,0.0,8311083.24,39785045.02,0.0,19632896.1,11321812.860000001,11080146.190000001,11080146.190000001,11080146.190000001,0.49347427130296107,0.28457458963056365,0.2785002803045716,Forecast,2026,2026-10
2026-10-01,Shared Services,0.0,1085625.0,453035.52,34788492.22,0.0,4386049.83,0.0,-34788492.22,-35874117.22,-36327152.74,-40713202.57,,,,Forecast,2026,2026-10
2026-10-01,Subscription Services,2440359.2399999998,194791.67,0.0,3471960.96,9685529.35,0.0,7245170.109999999,3773209.1499999994,3578417.4799999995,3578417.4799999995,3578417.4799999995,0.7480406953699438,0.3895718048699114,0.36946018649977036,Forecast,2026,2026-10
2026-10-01,Wholesale,25473327.54,0.0,0.0,4585979.94,42251553.34,0.0,16778225.800000004,12192245.860000003,12192245.860000003,12192245.860000003,12192245.860000003,0.39710317073989976,0.2885632573526586,0.2885632573526586,Forecast,2026,2026-10
2026-11-01,Digital Commerce,36260759.56,0.0,0.0,12154138.32,79224179.07000001,0.0,42963419.510000005,30809281.190000005,30809281.190000005,30809281.190000005,30809281.190000005,0.5423018580229007,0.3888873517108696,0.3888873517108696,Forecast,2026,2026-11
2026-11-01,Retail Stores,21197116.34,241666.67,0.0,8609668.43,41848054.58,0.0,20650938.24,12041269.809999999,11799603.139999999,11799603.139999999,11799603.139999999,0.49347427131940047,0.28773786334513995,0.2819630030218719,Forecast,2026,2026-11
2026-11-01,Shared Services,0.0,1085625.0,453035.52,35225433.68,0.0,5034625.49,0.0,-35225433.68,-36311058.68,-36764094.2,-41798719.690000005,,,,Forecast,2026,2026-11
2026-11-01,Subscription Services,2433362.34,194791.67,0.0,3478608.61,9657759.36,0.0,7224397.02,3745788.4099999997,3550996.7399999998,3550996.7399999998,3550996.7399999998,0.7480406946068285,0.38785273792533176,0.36768329046459075,Forecast,2026,2026-11
2026-11-01,Wholesale,23493396.89,0.0,0.0,4731412.38,38967524.36,0.0,15474127.469999999,10742715.09,10742715.09,10742715.09,10742715.09,0.39710317050277194,0.27568379737839727,0.27568379737839727,Forecast,2026,2026-11
2026-12-01,Digital Commerce,39248058.56,0.0,0.0,12595380.040000001,85750967.61,0.0,46502909.05,33907529.01,33907529.01,33907529.01,33907529.01,0.5423018578810413,0.39541861689786706,0.39541861689786706,Forecast,2026,2026-12
2026-12-01,Retail Stores,24772934.279999997,241666.67,0.0,8886775.25,48907553.71,0.0,24134619.430000003,15247844.180000003,15006177.510000004,15006177.510000004,15006177.510000004,0.4934742713386881,0.31176869467675533,0.3068273992802819,Forecast,2026,2026-12
2026-12-01,Shared Services,0.0,1085625.0,453035.52,35417045.14,0.0,6275744.32,0.0,-35417045.14,-36502670.14,-36955705.660000004,-43231449.980000004,,,,Forecast,2026,2026-12
2026-12-01,Subscription Services,2447470.15,194791.67,0.0,3490686.23,9713751.82,0.0,7266281.67,3775595.44,3580803.77,3580803.77,3580803.77,0.7480406957730983,0.38868559851676343,0.3686324127230996,Forecast,2026,2026-12
2026-12-01,Wholesale,21567822.62,0.0,0.0,4641658.8100000005,35773654.089999996,0.0,14205831.469999995,9564172.659999995,9564172.659999995,9564172.659999995,9564172.659999995,0.39710317079325225,0.26735241068575993,0.26735241068575993,Forecast,2026,2026-12
2027-01-01,Digital Commerce,28051153.68,0.0,0.0,11001274.66,61596986.29,0.0,33545832.61,22544557.95,22544557.95,22544557.95,22544557.95,0.5446018487343758,0.36600098978641116,0.36600098978641116,Forecast,2027,2027-01
2027-01-01,Retail Stores,17093046.330000002,241666.67,0.0,8341525.49,33916095.21,0.0,16823048.88,8481523.389999999,8239856.719999999,8239856.719999999,8239856.719999999,0.4960196265470974,0.25007369915329347,0.242948271874485,Forecast,2027,2027-01
2027-01-01,Shared Services,0.0,1330069.44,453035.52,35610184.54,0.0,1568082.29,0.0,-35610184.54,-36940253.98,-37393289.5,-38961371.79,,,,Forecast,2027,2027-01
2027-01-01,Subscription Services,2360675.58,194791.67,0.0,3480221.5,9416592.86,0.0,7055917.279999999,3575695.7799999993,3380904.1099999994,3380904.1099999994,3380904.1099999994,0.7493068230625403,0.3797228820616122,0.35903687886533514,Forecast,2027,2027-01
2027-01-01,Wholesale,21187491.74,0.0,0.0,4632512.32,35320303.96,0.0,14132812.220000003,9500299.900000002,9500299.900000002,9500299.900000002,9500299.900000002,0.40013280282087366,0.26897559858938436,0.26897559858938436,Forecast,2027,2027-01
2027-02-01,Digital Commerce,28768125.439999998,0.0,0.0,11482122.39,63171370.72,0.0,34403245.28,22921122.89,22921122.89,22921122.89,22921122.89,0.5446018487154335,0.36284035994082353,0.36284035994082353,Forecast,2027,2027-02
2027-02-01,Retail Stores,17512716.67,241666.67,0.0,8594552.58,34748806.9,0.0,17236090.229999997,8641537.649999997,8399870.979999997,8399870.979999997,8399870.979999997,0.49601962679184813,0.248685880780557,0.24173120545327262,Forecast,2027,2027-02
2027-02-01,Shared Services,0.0,1330069.44,453035.52,36051709.86,0.0,1723887.77,0.0,-36051709.86,-37381779.3,-37834814.82,-39558702.59,,,,Forecast,2027,2027-02
2027-02-01,Subscription Services,2369922.96,194791.67,0.0,3491211.94,9453480.07,0.0,7083557.11,3592345.1700000004,3397553.5000000005,3397553.5000000005,3397553.5000000005,0.7493068222018264,0.380002405823023,0.3593971188220848,Forecast,2027,2027-02
2027-02-01,Wholesale,22406870.04,0.0,0.0,4934362.5,37353051.06,0.0,14946181.020000003,10011818.520000003,10011818.520000003,10011818.520000003,10011818.520000003,0.4001328029668054,0.2680321482686401,0.2680321482686401,Forecast,2027,2027-02
2027-03-01,Digital Commerce,30590315.81,0.0,0.0,11756018.65,67172683.3,0.0,36582367.489999995,24826348.839999996,24826348.839999996,24826348.839999996,24826348.839999996,0.5446018484421628,0.3695899526467182,0.3695899526467182,Forecast,2027,2027-03
2027-03-01,Retail Stores,19655051.7,241666.67,0.0,8767233.14,38999637.19,0.0,19344585.49,10577352.349999998,10335685.679999998,10335685.679999998,10335685.679999998,0.4960196269456629,0.2712166859006618,0.2650200469723908,Forecast,2027,2027-03
2027-03-01,Shared Services,0.0,1330069.44,453035.52,36247941.8,0.0,2988424.35,0.0,-36247941.8,-37578011.239999995,-38031046.76,-41019471.11,,,,Forecast,2027,2027-03
2027-03-01,Subscription Services,2418962.87,420833.34,0.0,3512433.65,9649097.32,0.0,7230134.45,3717700.8000000003,3296867.4600000004,3296867.4600000004,3296867.4600000004,0.7493068222054164,0.38529000969802635,0.3416762574429087,Forecast,2027,2027-03
2027-03-01,Wholesale,24863530.47,0.0,0.0,5059018.95,41448391.59,0.0,16584861.120000005,11525842.170000006,11525842.170000006,11525842.170000006,11525842.170000006,0.4001328033197151,0.2780769464835102,0.2780769464835102,Forecast,2027,2027-03
2027-04-01,Digital Commerce,31501056.42,0.0,0.0,12832076.15,69172561.02,0.0,37671504.599999994,24839428.449999996,24839428.449999996,24839428.449999996,24839428.449999996,0.5446018485437883,0.3590936649406131,0.3590936649406131,Forecast,2027,2027-04
2027-04-01,Retail Stores,20450627.810000002,241666.67,0.0,9669308.84,40578222.69,0.0,20127594.879999995,10458286.039999995,10216619.369999995,10216619.369999995,10216619.369999995,0.49601962692565615,0.2577314960267422,0.25177592049929176,Forecast,2027,2027-04
2027-04-01,Shared Services,0.0,1330069.44,453035.52,38162214.49,0.0,2461059.88,0.0,-38162214.49,-39492283.93,-39945319.45,-42406379.330000006,,,,Forecast,2027,2027-04
2027-04-01,Subscription Services,2515435.6799999997,420833.34,0.0,3815124.83,10033921.57,0.0,7518485.890000001,3703361.0600000005,3282527.7200000007,3282527.7200000007,3282527.7200000007,0.7493068226165137,0.36908411473660746,0.32714305140816446,Forecast,2027,2027-04
2027-04-01,Wholesale,25551063.69,0.0,0.0,5592486.84,42594533.96,0.0,17043470.27,11450983.43,11450983.43,11450983.43,11450983.43,0.4001328030964093,0.26883692261437764,0.26883692261437764,Forecast,2027,2027-04
2027-05-01,Digital Commerce,32368357.79,0.0,0.0,12967000.93,71077051.37,0.0,38708693.580000006,25741692.650000006,25741692.650000006,25741692.650000006,25741692.650000006,0.5446018487528037,0.3621660177769415,0.3621660177769415,Forecast,2027,2027-05
2027-05-01,Retail Stores,21130623.23,241666.67,0.0,9733991.18,41927472.47,0.0,20796849.24,11062858.059999999,10821191.389999999,10821191.389999999,10821191.389999999,0.4960196266274002,0.26385702281280393,0.258093101074547,Forecast,2027,2027-05
2027-05-01,Shared Services,0.0,1330069.44,453035.52,38361588.45,0.0,2611792.75,0.0,-38361588.45,-39691657.89,-40144693.410000004,-42756486.160000004,,,,Forecast,2027,2027-05
2027-05-01,Subscription Services,2577628.79,420833.34,0.0,3839844.99,10282006.15,0.0,7704377.36,3864532.37,3443699.0300000003,3443699.0300000003,3443699.0300000003,0.7493068227740751,0.3758539251603151,0.3349248171768503,Forecast,2027,2027-05
2027-05-01,Wholesale,24157289.61,0.0,0.0,5528491.95,40271062.88,0.0,16113773.270000003,10585281.320000004,10585281.320000004,10585281.320000004,10585281.320000004,0.40013280300090265,0.262850805590657,0.262850805590657,Forecast,2027,2027-05
2027-06-01,Digital Commerce,33274783.549999997,0.0,0.0,13107693.71,73067454.14,0.0,39792670.59,26684976.880000003,26684976.880000003,26684976.880000003,26684976.880000003,0.5446018485022859,0.3652101635958272,0.3652101635958272,Forecast,2027,2027-06
2027-06-01,Retail Stores,22308754.86,241666.67,0.0,9835653.96,44265126.29,0.0,21956371.43,12120717.469999999,11879050.799999999,11879050.799999999,11879050.799999999,0.4960196269667076,0.2738209169582378,0.26836138955472977,Forecast,2027,2027-06
2027-06-01,Shared Services,0.0,1160277.77,453035.52,38562552.26,0.0,2937877.68,0.0,-38562552.26,-39722830.03,-40175865.550000004,-43113743.230000004,,,,Forecast,2027,2027-06
2027-06-01,Subscription Services,2648112.52,420833.34,0.0,3866752.91,10563161.54,0.0,7915049.02,4048296.1099999994,3627462.7699999996,3627462.7699999996,3627462.7699999996,0.7493068235326826,0.3832466345109023,0.34340692000815504,Forecast,2027,2027-06
2027-06-01,Wholesale,22789956.35,0.0,0.0,5465827.4399999995,37991669.599999994,0.0,15201713.249999993,9735885.809999993,9735885.809999993,9735885.809999993,9735885.809999993,0.400132803060595,0.25626369971379187,0.25626369971379187,Forecast,2027,2027-06
