Month,Department,COGSTRY,DepreciationTRY,InterestTRY,OperatingExpenseTRY,RevenueTRY,TaxTRY,GrossProfitTRY,EBITDATRY,EBITTRY,EBTTRY,NetIncomeTRY,GrossMarginPct,EBITDAMarginPct,NetIncomeMarginPct,Version,Year,MonthKey
2023-01-01,Customer Success,1068068.99,0.0,0.0,2213049.84,4217622.23,0.0,3149553.24,936503.4000000004,936503.4000000004,936503.4000000004,936503.4000000004,0.7467603944225227,0.22204534899750855,0.22204534899750855,Actual,2023,2023-01
2023-01-01,Finance & Corporate,0.0,0.0,420000.0,4597685.65,0.0,378605.52,0.0,-4597685.65,-4597685.65,-5017685.65,-5396291.17,,,,Actual,2023,2023-01
2023-01-01,Marketing,0.0,0.0,0.0,4918158.21,0.0,0.0,0.0,-4918158.21,-4918158.21,-4918158.21,-4918158.21,,,,Actual,2023,2023-01
2023-01-01,Operations,0.0,0.0,0.0,6611928.38,0.0,0.0,0.0,-6611928.38,-6611928.38,-6611928.38,-6611928.38,,,,Actual,2023,2023-01
2023-01-01,Sales,40695191.78,0.0,0.0,14520866.66,78747627.44,0.0,38052435.66,23531568.999999996,23531568.999999996,23531568.999999996,23531568.999999996,0.48322009052264087,0.2988225774538966,0.2988225774538966,Actual,2023,2023-01
2023-01-01,Technology,0.0,0.0,0.0,6405878.07,0.0,0.0,0.0,-6405878.07,-6405878.07,-6405878.07,-6405878.07,,,,Actual,2023,2023-01
2023-02-01,Customer Success,1084564.4300000002,0.0,0.0,2180346.46,4271921.19,0.0,3187356.7600000002,1007010.3000000003,1007010.3000000003,1007010.3000000003,1007010.3000000003,0.7461178748945975,0.23572773354463503,0.23572773354463503,Actual,2023,2023-02
2023-02-01,Finance & Corporate,0.0,0.0,420000.0,4581111.58,0.0,907670.07,0.0,-4581111.58,-4581111.58,-5001111.58,-5908781.65,,,,Actual,2023,2023-02
2023-02-01,Marketing,0.0,0.0,0.0,4912500.54,0.0,0.0,0.0,-4912500.54,-4912500.54,-4912500.54,-4912500.54,,,,Actual,2023,2023-02
2023-02-01,Operations,0.0,0.0,0.0,6764637.71,0.0,0.0,0.0,-6764637.71,-6764637.71,-6764637.71,-6764637.71,,,,Actual,2023,2023-02
2023-02-01,Sales,42565149.43,0.0,0.0,14657834.719999999,82993210.19,0.0,40428060.76,25770226.04,25770226.04,25770226.04,25770226.04,0.48712491862221335,0.31051005234046364,0.31051005234046364,Actual,2023,2023-02
2023-02-01,Technology,0.0,0.0,0.0,6468306.24,0.0,0.0,0.0,-6468306.24,-6468306.24,-6468306.24,-6468306.24,,,,Actual,2023,2023-02
2023-03-01,Customer Success,1131939.58,0.0,0.0,2194327.95,4523176.62,0.0,3391237.04,1196909.0899999999,1196909.0899999999,1196909.0899999999,1196909.0899999999,0.7497467653606681,0.2646169253501314,0.2646169253501314,Actual,2023,2023-03
2023-03-01,Finance & Corporate,0.0,0.0,420000.0,4695903.95,0.0,1780406.2,0.0,-4695903.95,-4695903.95,-5115903.95,-6896310.15,,,,Actual,2023,2023-03
2023-03-01,Marketing,0.0,0.0,0.0,5005802.72,0.0,0.0,0.0,-5005802.72,-5005802.72,-5005802.72,-5005802.72,,,,Actual,2023,2023-03
2023-03-01,Operations,0.0,0.0,0.0,6761802.54,0.0,0.0,0.0,-6761802.54,-6761802.54,-6761802.54,-6761802.54,,,,Actual,2023,2023-03
2023-03-01,Sales,46671018.57,0.0,0.0,15083479.94,91008955.89999999,0.0,44337937.32999999,29254457.389999993,29254457.389999993,29254457.389999993,29254457.389999993,0.48718213379701014,0.32144591815935775,0.32144591815935775,Actual,2023,2023-03
2023-03-01,Technology,0.0,0.0,0.0,6446232.47,0.0,0.0,0.0,-6446232.47,-6446232.47,-6446232.47,-6446232.47,,,,Actual,2023,2023-03
2023-04-01,Customer Success,1167667.48,0.0,0.0,2287343.02,4614981.93,0.0,3447314.4499999997,1159971.4299999997,1159971.4299999997,1159971.4299999997,1159971.4299999997,0.7469833040061329,0.2513490729962619,0.2513490729962619,Actual,2023,2023-04
2023-04-01,Finance & Corporate,0.0,0.0,420000.0,4829411.72,0.0,1803288.82,0.0,-4829411.72,-4829411.72,-5249411.72,-7052700.54,,,,Actual,2023,2023-04
2023-04-01,Marketing,0.0,0.0,0.0,5080345.27,0.0,0.0,0.0,-5080345.27,-5080345.27,-5080345.27,-5080345.27,,,,Actual,2023,2023-04
2023-04-01,Operations,0.0,0.0,0.0,7088407.0200000005,0.0,0.0,0.0,-7088407.0200000005,-7088407.0200000005,-7088407.0200000005,-7088407.0200000005,,,,Actual,2023,2023-04
2023-04-01,Sales,49317057.82,0.0,0.0,15762131.07,95381521.6,0.0,46064463.779999994,30302332.709999993,30302332.709999993,30302332.709999993,30302332.709999993,0.4829495588587884,0.3176960505733848,0.3176960505733848,Actual,2023,2023-04
2023-04-01,Technology,0.0,0.0,0.0,6830984.859999999,0.0,0.0,0.0,-6830984.859999999,-6830984.859999999,-6830984.859999999,-6830984.859999999,,,,Actual,2023,2023-04
2023-05-01,Customer Success,1166217.22,0.0,0.0,2305207.25,4615057.1,0.0,3448839.88,1143632.63,1143632.63,1143632.63,1143632.63,0.7473016704387038,0.2478046544646219,0.2478046544646219,Actual,2023,2023-05
2023-05-01,Finance & Corporate,0.0,0.0,420000.0,4954335.21,0.0,2188773.63,0.0,-4954335.21,-4954335.21,-5374335.21,-7563108.84,,,,Actual,2023,2023-05
2023-05-01,Marketing,0.0,0.0,0.0,5124582.16,0.0,0.0,0.0,-5124582.16,-5124582.16,-5124582.16,-5124582.16,,,,Actual,2023,2023-05
2023-05-01,Operations,0.0,0.0,0.0,7045699.19,0.0,0.0,0.0,-7045699.19,-7045699.19,-7045699.19,-7045699.19,,,,Actual,2023,2023-05
2023-05-01,Sales,50295399.3,0.0,0.0,15930859.44,98275980.24,0.0,47980580.94,32049721.5,32049721.5,32049721.5,32049721.5,0.488222868119214,0.32611958101797917,0.32611958101797917,Actual,2023,2023-05
2023-05-01,Technology,0.0,0.0,0.0,6893643.05,0.0,0.0,0.0,-6893643.05,-6893643.05,-6893643.05,-6893643.05,,,,Actual,2023,2023-05
2023-06-01,Customer Success,1238287.7,0.0,0.0,2421713.48,4899993.81,0.0,3661706.1099999994,1239992.6299999994,1239992.6299999994,1239992.6299999994,1239992.6299999994,0.7472879052473741,0.25306004009013217,0.25306004009013217,Actual,2023,2023-06
2023-06-01,Finance & Corporate,0.0,0.0,420000.0,4901748.26,0.0,2445170.59,0.0,-4901748.26,-4901748.26,-5321748.26,-7766918.85,,,,Actual,2023,2023-06
2023-06-01,Marketing,0.0,0.0,0.0,5008160.86,0.0,0.0,0.0,-5008160.86,-5008160.86,-5008160.86,-5008160.86,,,,Actual,2023,2023-06
2023-06-01,Operations,0.0,0.0,0.0,7083417.51,0.0,0.0,0.0,-7083417.51,-7083417.51,-7083417.51,-7083417.51,,,,Actual,2023,2023-06
2023-06-01,Sales,51142039.519999996,0.0,0.0,16146961.139999999,100089149.46,0.0,48947109.94,32800148.799999997,32800148.799999997,32800148.799999997,32800148.799999997,0.48903512722486875,0.3277093368957878,0.3277093368957878,Actual,2023,2023-06
2023-06-01,Technology,0.0,169791.67,0.0,6676340.78,0.0,0.0,0.0,-6676340.78,-6846132.45,-6846132.45,-6846132.45,,,,Actual,2023,2023-06
2023-07-01,Customer Success,1311553.48,0.0,0.0,2441722.9899999998,5189165.55,0.0,3877612.07,1435889.08,1435889.08,1435889.08,1435889.08,0.7472515634040622,0.27670905199777257,0.27670905199777257,Actual,2023,2023-07
2023-07-01,Finance & Corporate,0.0,0.0,420000.0,4898675.819999999,0.0,2223414.5,0.0,-4898675.819999999,-4898675.819999999,-5318675.819999999,-7542090.319999999,,,,Actual,2023,2023-07
2023-07-01,Marketing,0.0,0.0,0.0,5161211.9,0.0,0.0,0.0,-5161211.9,-5161211.9,-5161211.9,-5161211.9,,,,Actual,2023,2023-07
2023-07-01,Operations,0.0,0.0,0.0,7121308.88,0.0,0.0,0.0,-7121308.88,-7121308.88,-7121308.88,-7121308.88,,,,Actual,2023,2023-07
2023-07-01,Sales,49966338.74,0.0,0.0,16331686.58,98405466.59,0.0,48439127.85,32107441.270000003,32107441.270000003,32107441.270000003,32107441.270000003,0.49224021315623134,0.3262770086114583,0.3262770086114583,Actual,2023,2023-07
2023-07-01,Technology,0.0,169791.67,0.0,6878684.1,0.0,0.0,0.0,-6878684.1,-7048475.77,-7048475.77,-7048475.77,,,,Actual,2023,2023-07
2023-08-01,Customer Success,1365217.25,0.0,0.0,2417514.74,5308829.1,0.0,3943611.8499999996,1526097.1099999994,1526097.1099999994,1526097.1099999994,1526097.1099999994,0.7428402338285857,0.2874639739297691,0.2874639739297691,Actual,2023,2023-08
2023-08-01,Finance & Corporate,0.0,0.0,420000.0,5000230.52,0.0,1469422.95,0.0,-5000230.52,-5000230.52,-5420230.52,-6889653.47,,,,Actual,2023,2023-08
2023-08-01,Marketing,0.0,0.0,0.0,5392840.4399999995,0.0,0.0,0.0,-5392840.4399999995,-5392840.4399999995,-5392840.4399999995,-5392840.4399999995,,,,Actual,2023,2023-08
2023-08-01,Operations,0.0,0.0,0.0,7133859.47,0.0,0.0,0.0,-7133859.47,-7133859.47,-7133859.47,-7133859.47,,,,Actual,2023,2023-08
2023-08-01,Sales,47789386.61,0.0,0.0,16194015.98,93416688.27000001,0.0,45627301.66000001,29433285.68000001,29433285.68000001,29433285.68000001,29433285.68000001,0.48842773710971765,0.3150752421765337,0.3150752421765337,Actual,2023,2023-08
2023-08-01,Technology,0.0,169791.67,0.0,6964968.88,0.0,0.0,0.0,-6964968.88,-7134760.55,-7134760.55,-7134760.55,,,,Actual,2023,2023-08
2023-09-01,Customer Success,1323591.06,0.0,0.0,2406936.25,5249140.08,0.0,3925549.02,1518612.77,1518612.77,1518612.77,1518612.77,0.7478461157775008,0.2893069620652989,0.2893069620652989,Actual,2023,2023-09
2023-09-01,Finance & Corporate,0.0,0.0,420000.0,4851943.37,0.0,2788232.34,0.0,-4851943.37,-4851943.37,-5271943.37,-8060175.71,,,,Actual,2023,2023-09
2023-09-01,Marketing,0.0,0.0,0.0,5431600.180000001,0.0,0.0,0.0,-5431600.180000001,-5431600.180000001,-5431600.180000001,-5431600.180000001,,,,Actual,2023,2023-09
2023-09-01,Operations,0.0,0.0,0.0,7344607.4,0.0,0.0,0.0,-7344607.4,-7344607.4,-7344607.4,-7344607.4,,,,Actual,2023,2023-09
2023-09-01,Sales,54687252.15,0.0,0.0,16518604.06,105990625.05,0.0,51303372.9,34784768.839999996,34784768.839999996,34784768.839999996,34784768.839999996,0.4840368936007138,0.3281872224415191,0.3281872224415191,Actual,2023,2023-09
2023-09-01,Technology,0.0,169791.67,0.0,6932509.62,0.0,0.0,0.0,-6932509.62,-7102301.29,-7102301.29,-7102301.29,,,,Actual,2023,2023-09
2023-10-01,Customer Success,1315377.7999999998,0.0,0.0,2455377.43,5185397.28,0.0,3870019.4800000004,1414642.0500000003,1414642.0500000003,1414642.0500000003,1414642.0500000003,0.746330371816757,0.27281266479933053,0.27281266479933053,Actual,2023,2023-10
2023-10-01,Finance & Corporate,0.0,0.0,420000.0,4924687.9,0.0,3195009.23,0.0,-4924687.9,-4924687.9,-5344687.9,-8539697.13,,,,Actual,2023,2023-10
2023-10-01,Marketing,0.0,0.0,0.0,5414706.630000001,0.0,0.0,0.0,-5414706.630000001,-5414706.630000001,-5414706.630000001,-5414706.630000001,,,,Actual,2023,2023-10
2023-10-01,Operations,0.0,0.0,0.0,7474555.1899999995,0.0,0.0,0.0,-7474555.1899999995,-7474555.1899999995,-7474555.1899999995,-7474555.1899999995,,,,Actual,2023,2023-10
2023-10-01,Sales,56388611.5,107500.0,0.0,16883459.8,110039038.15,0.0,53650426.650000006,36766966.85000001,36659466.85000001,36659466.85000001,36659466.85000001,0.48755812075407534,0.33412657424250675,0.3331496482187309,Actual,2023,2023-10
2023-10-01,Technology,0.0,169791.67,0.0,6890330.58,0.0,0.0,0.0,-6890330.58,-7060122.25,-7060122.25,-7060122.25,,,,Actual,2023,2023-10
2023-11-01,Customer Success,1454221.6300000001,0.0,0.0,2499772.0500000003,5719859.92,0.0,4265638.29,1765866.2399999998,1765866.2399999998,1765866.2399999998,1765866.2399999998,0.7457592230685258,0.3087254346606446,0.3087254346606446,Actual,2023,2023-11
2023-11-01,Finance & Corporate,0.0,0.0,420000.0,4923235.88,0.0,3989452.41,0.0,-4923235.88,-4923235.88,-5343235.88,-9332688.29,,,,Actual,2023,2023-11
2023-11-01,Marketing,0.0,0.0,0.0,5428997.49,0.0,0.0,0.0,-5428997.49,-5428997.49,-5428997.49,-5428997.49,,,,Actual,2023,2023-11
2023-11-01,Operations,0.0,0.0,0.0,7574375.43,0.0,0.0,0.0,-7574375.43,-7574375.43,-7574375.43,-7574375.43,,,,Actual,2023,2023-11
2023-11-01,Sales,59128683.25,107500.0,0.0,17466023.59,116316007.94,0.0,57187324.69,39721301.099999994,39613801.099999994,39613801.099999994,39613801.099999994,0.4916548091944428,0.34149470742229804,0.340570501013362,Actual,2023,2023-11
2023-11-01,Technology,0.0,169791.67,0.0,6905457.22,0.0,0.0,0.0,-6905457.22,-7075248.89,-7075248.89,-7075248.89,,,,Actual,2023,2023-11
2023-12-01,Customer Success,1418756.43,0.0,0.0,2480337.59,5598915.96,0.0,4180159.5300000003,1699821.9400000004,1699821.9400000004,1699821.9400000004,1699821.9400000004,0.7466015849968215,0.3035984022878601,0.3035984022878601,Actual,2023,2023-12
2023-12-01,Finance & Corporate,0.0,0.0,420000.0,4829745.62,0.0,4983148.49,0.0,-4829745.62,-4829745.62,-5249745.62,-10232894.11,,,,Actual,2023,2023-12
2023-12-01,Marketing,0.0,0.0,0.0,5459135.4399999995,0.0,0.0,0.0,-5459135.4399999995,-5459135.4399999995,-5459135.4399999995,-5459135.4399999995,,,,Actual,2023,2023-12
2023-12-01,Operations,0.0,0.0,0.0,7719058.140000001,0.0,0.0,0.0,-7719058.140000001,-7719058.140000001,-7719058.140000001,-7719058.140000001,,,,Actual,2023,2023-12
2023-12-01,Sales,62999197.46,107500.0,0.0,18205239.02,125211884.67,0.0,62212687.21,44007448.19,43899948.19,43899948.19,43899948.19,0.4968592827586899,0.35146382714374963,0.3506052824434337,Actual,2023,2023-12
2023-12-01,Technology,0.0,169791.67,0.0,7069445.31,0.0,0.0,0.0,-7069445.31,-7239236.9799999995,-7239236.9799999995,-7239236.9799999995,,,,Actual,2023,2023-12
2024-01-01,Customer Success,1254845.91,0.0,0.0,2571977.92,5041250.67,0.0,3786404.76,1214426.8399999999,1214426.8399999999,1214426.8399999999,1214426.8399999999,0.7510844050133297,0.24089792781520222,0.24089792781520222,Actual,2024,2024-01
2024-01-01,Finance & Corporate,0.0,0.0,445200.0,5148996.21,0.0,466813.73,0.0,-5148996.21,-5148996.21,-5594196.21,-6061009.9399999995,,,,Actual,2024,2024-01
2024-01-01,Marketing,0.0,0.0,0.0,5673147.11,0.0,0.0,0.0,-5673147.11,-5673147.11,-5673147.11,-5673147.11,,,,Actual,2024,2024-01
2024-01-01,Operations,0.0,0.0,0.0,7715712.399999999,0.0,0.0,0.0,-7715712.399999999,-7715712.399999999,-7715712.399999999,-7715712.399999999,,,,Actual,2024,2024-01
2024-01-01,Sales,46295168.16,107500.0,0.0,16519470.0,89978796.62,0.0,43683628.46000001,27164158.46000001,27056658.46000001,27056658.46000001,27056658.46000001,0.48548802719028855,0.30189510729644614,0.3007003813828068,Actual,2024,2024-01
2024-01-01,Technology,0.0,169791.67,0.0,7250982.9799999995,0.0,0.0,0.0,-7250982.9799999995,-7420774.649999999,-7420774.649999999,-7420774.649999999,,,,Actual,2024,2024-01
2024-02-01,Customer Success,1312985.48,0.0,0.0,2497032.52,5178667.52,0.0,3865682.0399999996,1368649.5199999996,1368649.5199999996,1368649.5199999996,1368649.5199999996,0.746462680809445,0.2642860378107455,0.2642860378107455,Actual,2024,2024-02
2024-02-01,Finance & Corporate,0.0,0.0,445200.0,5269498.97,0.0,843232.03,0.0,-5269498.97,-5269498.97,-5714698.97,-6557931.0,,,,Actual,2024,2024-02
2024-02-01,Marketing,0.0,0.0,0.0,5512037.05,0.0,0.0,0.0,-5512037.05,-5512037.05,-5512037.05,-5512037.05,,,,Actual,2024,2024-02
2024-02-01,Operations,0.0,0.0,0.0,7753444.12,0.0,0.0,0.0,-7753444.12,-7753444.12,-7753444.12,-7753444.12,,,,Actual,2024,2024-02
2024-02-01,Sales,48417030.53,107500.0,0.0,16888670.07,94025906.33,0.0,45608875.8,28720205.729999997,28612705.729999997,28612705.729999997,28612705.729999997,0.48506712224530807,0.3054499217396695,0.30430661981155294,Actual,2024,2024-02
2024-02-01,Technology,0.0,169791.67,0.0,7458455.31,0.0,0.0,0.0,-7458455.31,-7628246.9799999995,-7628246.9799999995,-7628246.9799999995,,,,Actual,2024,2024-02
2024-03-01,Customer Success,1281833.11,0.0,0.0,2566235.73,5091665.82,0.0,3809832.71,1243596.98,1243596.98,1243596.98,1243596.98,0.7482487745042151,0.2442416733468969,0.2442416733468969,Actual,2024,2024-03
2024-03-01,Finance & Corporate,0.0,0.0,445200.0,5242171.32,0.0,1937822.48,0.0,-5242171.32,-5242171.32,-5687371.32,-7625193.800000001,,,,Actual,2024,2024-03
2024-03-01,Marketing,0.0,0.0,0.0,5553251.3100000005,0.0,0.0,0.0,-5553251.3100000005,-5553251.3100000005,-5553251.3100000005,-5553251.3100000005,,,,Actual,2024,2024-03
2024-03-01,Operations,0.0,0.0,0.0,7841595.07,0.0,0.0,0.0,-7841595.07,-7841595.07,-7841595.07,-7841595.07,,,,Actual,2024,2024-03
2024-03-01,Sales,53846949.16,107500.0,0.0,17368354.27,104460835.53999999,0.0,50613886.379999995,33245532.109999996,33138032.109999996,33138032.109999996,33138032.109999996,0.48452500038274154,0.31825833996196273,0.317229246144703,Actual,2024,2024-03
2024-03-01,Technology,0.0,169791.67,0.0,7378329.8100000005,0.0,0.0,0.0,-7378329.8100000005,-7548121.48,-7548121.48,-7548121.48,,,,Actual,2024,2024-03
2024-04-01,Customer Success,1459291.76,0.0,0.0,2769454.0,5708958.32,0.0,4249666.5600000005,1480212.5600000005,1480212.5600000005,1480212.5600000005,1480212.5600000005,0.7443856342605073,0.2592789221834782,0.2592789221834782,Actual,2024,2024-04
2024-04-01,Finance & Corporate,0.0,0.0,445200.0,5335425.64,0.0,2093269.71,0.0,-5335425.64,-5335425.64,-5780625.64,-7873895.35,,,,Actual,2024,2024-04
2024-04-01,Marketing,0.0,0.0,0.0,5831254.7,0.0,0.0,0.0,-5831254.7,-5831254.7,-5831254.7,-5831254.7,,,,Actual,2024,2024-04
2024-04-01,Operations,0.0,0.0,0.0,8171544.5,0.0,0.0,0.0,-8171544.5,-8171544.5,-8171544.5,-8171544.5,,,,Actual,2024,2024-04
2024-04-01,Sales,56333546.25,107500.0,0.0,18308242.09,109233675.18,0.0,52900128.93000001,34591886.84,34484386.84,34484386.84,34484386.84,0.4842840712154825,0.316677863149784,0.31569373440173215,Actual,2024,2024-04
2024-04-01,Technology,0.0,169791.67,0.0,7638304.05,0.0,0.0,0.0,-7638304.05,-7808095.72,-7808095.72,-7808095.72,,,,Actual,2024,2024-04
2024-05-01,Customer Success,1431297.26,0.0,0.0,2775377.6799999997,5702611.08,0.0,4271313.82,1495936.1400000006,1495936.1400000006,1495936.1400000006,1495936.1400000006,0.7490101920119021,0.2623247700069352,0.2623247700069352,Actual,2024,2024-05
2024-05-01,Finance & Corporate,0.0,0.0,445200.0,5619307.25,0.0,2238577.93,0.0,-5619307.25,-5619307.25,-6064507.25,-8303085.18,,,,Actual,2024,2024-05
2024-05-01,Marketing,0.0,0.0,0.0,5877951.99,0.0,0.0,0.0,-5877951.99,-5877951.99,-5877951.99,-5877951.99,,,,Actual,2024,2024-05
2024-05-01,Operations,0.0,0.0,0.0,8141955.86,0.0,0.0,0.0,-8141955.86,-8141955.86,-8141955.86,-8141955.86,,,,Actual,2024,2024-05
2024-05-01,Sales,56375456.660000004,107500.0,0.0,18206567.4,110120194.88,0.0,53744738.21999999,35538170.81999999,35430670.81999999,35430670.81999999,35430670.81999999,0.4880552407173509,0.32272164845627627,0.3217454424105356,Actual,2024,2024-05
2024-05-01,Technology,0.0,169791.67,0.0,7718088.4799999995,0.0,0.0,0.0,-7718088.4799999995,-7887880.149999999,-7887880.149999999,-7887880.149999999,,,,Actual,2024,2024-05
2024-06-01,Customer Success,1516500.27,0.0,0.0,2837823.96,5964755.5,0.0,4448255.23,1610431.2700000005,1610431.2700000005,1610431.2700000005,1610431.2700000005,0.7457565075383225,0.2699911622530044,0.2699911622530044,Actual,2024,2024-06
2024-06-01,Finance & Corporate,0.0,0.0,445200.0,5564425.45,0.0,2664037.07,0.0,-5564425.45,-5564425.45,-6009625.45,-8673662.52,,,,Actual,2024,2024-06
2024-06-01,Marketing,0.0,0.0,0.0,5819499.89,0.0,0.0,0.0,-5819499.89,-5819499.89,-5819499.89,-5819499.89,,,,Actual,2024,2024-06
2024-06-01,Operations,0.0,0.0,0.0,8322370.359999999,0.0,0.0,0.0,-8322370.359999999,-8322370.359999999,-8322370.359999999,-8322370.359999999,,,,Actual,2024,2024-06
2024-06-01,Sales,58346511.65,107500.0,0.0,18704014.95,114357234.22999999,0.0,56010722.57999999,37306707.629999995,37199207.629999995,37199207.629999995,37199207.629999995,0.4897873139127247,0.3262295374769838,0.3252895007515083,Actual,2024,2024-06
2024-06-01,Technology,0.0,169791.67,0.0,7832203.26,0.0,0.0,0.0,-7832203.26,-8001994.93,-8001994.93,-8001994.93,,,,Actual,2024,2024-06
2024-07-01,Customer Success,1514991.5,0.0,0.0,2812962.53,6032576.53,0.0,4517585.03,1704622.5000000005,1704622.5000000005,1704622.5000000005,1704622.5000000005,0.7488649348307563,0.28256956070476913,0.28256956070476913,Actual,2024,2024-07
2024-07-01,Finance & Corporate,0.0,0.0,445200.0,5601058.55,0.0,1760169.28,0.0,-5601058.55,-5601058.55,-6046258.55,-7806427.83,,,,Actual,2024,2024-07
2024-07-01,Marketing,0.0,0.0,0.0,5914456.58,0.0,0.0,0.0,-5914456.58,-5914456.58,-5914456.58,-5914456.58,,,,Actual,2024,2024-07
2024-07-01,Operations,0.0,0.0,0.0,8333843.01,0.0,0.0,0.0,-8333843.01,-8333843.01,-8333843.01,-8333843.01,,,,Actual,2024,2024-07
2024-07-01,Sales,54610148.03,107500.0,0.0,18549260.09,107060607.83,0.0,52450459.8,33901199.70999999,33793699.70999999,33793699.70999999,33793699.70999999,0.4899137120843301,0.3166542801982894,0.3156501760541144,Actual,2024,2024-07
2024-07-01,Technology,0.0,426041.67,0.0,7737045.2700000005,0.0,0.0,0.0,-7737045.2700000005,-8163086.94,-8163086.94,-8163086.94,,,,Actual,2024,2024-07
2024-08-01,Customer Success,1583324.98,0.0,0.0,2817704.79,6262270.45,0.0,4678945.470000001,1861240.6800000006,1861240.6800000006,1861240.6800000006,1861240.6800000006,0.7471643882770985,0.29721499492248865,0.29721499492248865,Actual,2024,2024-08
2024-08-01,Finance & Corporate,0.0,0.0,445200.0,5604159.95,0.0,1020124.42,0.0,-5604159.95,-5604159.95,-6049359.95,-7069484.37,,,,Actual,2024,2024-08
2024-08-01,Marketing,0.0,0.0,0.0,6029322.82,0.0,0.0,0.0,-6029322.82,-6029322.82,-6029322.82,-6029322.82,,,,Actual,2024,2024-08
2024-08-01,Operations,0.0,0.0,0.0,8634232.44,0.0,0.0,0.0,-8634232.44,-8634232.44,-8634232.44,-8634232.44,,,,Actual,2024,2024-08
2024-08-01,Sales,52117662.68,107500.0,0.0,18533679.080000002,102021662.50999999,0.0,49903999.82999999,31370320.74999999,31262820.74999999,31262820.74999999,31262820.74999999,0.489151015600324,0.3074868609098104,0.3064331631229364,Actual,2024,2024-08
2024-08-01,Technology,0.0,426041.67,0.0,7904606.89,0.0,0.0,0.0,-7904606.89,-8330648.56,-8330648.56,-8330648.56,,,,Actual,2024,2024-08
2024-09-01,Customer Success,1620034.26,0.0,0.0,2843609.44,6391142.62,0.0,4771108.36,1927498.9200000004,1927498.9200000004,1927498.9200000004,1927498.9200000004,0.746518837659736,0.3015890951906187,0.3015890951906187,Actual,2024,2024-09
2024-09-01,Finance & Corporate,0.0,0.0,445200.0,5811085.09,0.0,2864611.5,0.0,-5811085.09,-5811085.09,-6256285.09,-9120896.59,,,,Actual,2024,2024-09
2024-09-01,Marketing,0.0,0.0,0.0,6169572.36,0.0,0.0,0.0,-6169572.36,-6169572.36,-6169572.36,-6169572.36,,,,Actual,2024,2024-09
2024-09-01,Operations,0.0,0.0,0.0,8150485.739999999,0.0,0.0,0.0,-8150485.739999999,-8150485.739999999,-8150485.739999999,-8150485.739999999,,,,Actual,2024,2024-09
2024-09-01,Sales,61552020.56,107500.0,0.0,19356885.19,119275311.11,0.0,57723290.55,38366405.36,38258905.36,38258905.36,38258905.36,0.48395003134190523,0.3216625888706936,0.32076131266357594,Actual,2024,2024-09
2024-09-01,Technology,0.0,426041.67,0.0,7725573.42,0.0,0.0,0.0,-7725573.42,-8151615.09,-8151615.09,-8151615.09,,,,Actual,2024,2024-09
2024-10-01,Customer Success,1637719.8,0.0,0.0,2846122.94,6504846.59,0.0,4867126.79,2021003.85,2021003.85,2021003.85,2021003.85,0.748230834141778,0.3106920081876981,0.3106920081876981,Actual,2024,2024-10
2024-10-01,Finance & Corporate,0.0,0.0,445200.0,5665562.93,0.0,3205551.3,0.0,-5665562.93,-5665562.93,-6110762.93,-9316314.23,,,,Actual,2024,2024-10
2024-10-01,Marketing,0.0,0.0,0.0,6173026.930000001,0.0,0.0,0.0,-6173026.930000001,-6173026.930000001,-6173026.930000001,-6173026.930000001,,,,Actual,2024,2024-10
2024-10-01,Operations,0.0,0.0,0.0,8459173.23,0.0,0.0,0.0,-8459173.23,-8459173.23,-8459173.23,-8459173.23,,,,Actual,2024,2024-10
2024-10-01,Sales,63127929.7,107500.0,0.0,19759516.25,122944434.02,0.0,59816504.31999999,40056988.06999999,39949488.06999999,39949488.06999999,39949488.06999999,0.48653283734885744,0.3258137579736527,0.32493937922802757,Actual,2024,2024-10
2024-10-01,Technology,0.0,426041.67,0.0,7979281.960000001,0.0,0.0,0.0,-7979281.960000001,-8405323.63,-8405323.63,-8405323.63,,,,Actual,2024,2024-10
2024-11-01,Customer Success,1610991.4000000001,0.0,0.0,2864013.64,6351966.55,0.0,4740975.149999999,1876961.5099999993,1876961.5099999993,1876961.5099999993,1876961.5099999993,0.7463791115209824,0.2954929776826358,0.2954929776826358,Actual,2024,2024-11
2024-11-01,Finance & Corporate,0.0,0.0,445200.0,5801032.54,0.0,3766253.91,0.0,-5801032.54,-5801032.54,-6246232.54,-10012486.45,,,,Actual,2024,2024-11
2024-11-01,Marketing,0.0,0.0,0.0,6156606.17,0.0,0.0,0.0,-6156606.17,-6156606.17,-6156606.17,-6156606.17,,,,Actual,2024,2024-11
2024-11-01,Operations,0.0,220833.33,0.0,8661698.87,0.0,0.0,0.0,-8661698.87,-8882532.2,-8882532.2,-8882532.2,,,,Actual,2024,2024-11
2024-11-01,Sales,65722087.96,107500.0,0.0,20386425.64,128897614.04,0.0,63175526.080000006,42789100.440000005,42681600.440000005,42681600.440000005,42681600.440000005,0.4901217648636625,0.3319619277570299,0.3311279324903166,Actual,2024,2024-11
2024-11-01,Technology,0.0,426041.67,0.0,7782133.72,0.0,0.0,0.0,-7782133.72,-8208175.39,-8208175.39,-8208175.39,,,,Actual,2024,2024-11
2024-12-01,Customer Success,1681212.05,0.0,0.0,2869590.07,6669692.47,0.0,4988480.42,2118890.35,2118890.35,2118890.35,2118890.35,0.7479325984575718,0.31768936267012027,0.31768936267012027,Actual,2024,2024-12
2024-12-01,Finance & Corporate,0.0,0.0,445200.0,5936570.76,0.0,5198952.43,0.0,-5936570.76,-5936570.76,-6381770.76,-11580723.19,,,,Actual,2024,2024-12
2024-12-01,Marketing,0.0,0.0,0.0,6216822.21,0.0,0.0,0.0,-6216822.21,-6216822.21,-6216822.21,-6216822.21,,,,Actual,2024,2024-12
2024-12-01,Operations,0.0,220833.33,0.0,8678185.17,0.0,0.0,0.0,-8678185.17,-8899018.5,-8899018.5,-8899018.5,,,,Actual,2024,2024-12
2024-12-01,Sales,71016852.72,107500.0,0.0,21429739.7,141334619.44,0.0,70317766.72,48888027.019999996,48780527.019999996,48780527.019999996,48780527.019999996,0.49752684090150756,0.34590270390726285,0.3451420976210894,Actual,2024,2024-12
2024-12-01,Technology,0.0,426041.67,0.0,8179954.5,0.0,0.0,0.0,-8179954.5,-8605996.17,-8605996.17,-8605996.17,,,,Actual,2024,2024-12
2025-01-01,Customer Success,1566512.54,0.0,0.0,2918158.98,6151609.15,0.0,4585096.61,1666937.6300000004,1666937.6300000004,1666937.6300000004,1666937.6300000004,0.7453491433213049,0.2709758681596343,0.2709758681596343,Actual,2025,2025-01
2025-01-01,Finance & Corporate,0.0,0.0,471912.0,6106938.74,0.0,419919.26,0.0,-6106938.74,-6106938.74,-6578850.74,-6998770.0,,,,Actual,2025,2025-01
2025-01-01,Marketing,0.0,0.0,0.0,6499029.12,0.0,0.0,0.0,-6499029.12,-6499029.12,-6499029.12,-6499029.12,,,,Actual,2025,2025-01
2025-01-01,Operations,0.0,220833.33,0.0,8939688.959999999,0.0,0.0,0.0,-8939688.959999999,-9160522.29,-9160522.29,-9160522.29,,,,Actual,2025,2025-01
2025-01-01,Sales,51998630.73,107500.0,0.0,18849557.27,101918433.08,0.0,49919802.35,31070245.080000002,30962745.080000002,30962745.080000002,30962745.080000002,0.4898015093188872,0.30485403023819724,0.3037992651996137,Actual,2025,2025-01
2025-01-01,Technology,0.0,426041.67,0.0,8285561.87,0.0,0.0,0.0,-8285561.87,-8711603.540000001,-8711603.540000001,-8711603.540000001,,,,Actual,2025,2025-01
2025-02-01,Customer Success,1583536.85,0.0,0.0,3067825.4,6257308.92,0.0,4673772.07,1605946.6700000004,1605946.6700000004,1605946.6700000004,1605946.6700000004,0.7469300508820013,0.2566513321512661,0.2566513321512661,Actual,2025,2025-02
2025-02-01,Finance & Corporate,0.0,0.0,471912.0,6113278.96,0.0,630617.41,0.0,-6113278.96,-6113278.96,-6585190.96,-7215808.37,,,,Actual,2025,2025-02
2025-02-01,Marketing,0.0,0.0,0.0,6612570.73,0.0,0.0,0.0,-6612570.73,-6612570.73,-6612570.73,-6612570.73,,,,Actual,2025,2025-02
2025-02-01,Operations,0.0,220833.33,0.0,8970043.629999999,0.0,0.0,0.0,-8970043.629999999,-9190876.959999999,-9190876.959999999,-9190876.959999999,,,,Actual,2025,2025-02
2025-02-01,Sales,54561998.02,107500.0,0.0,19184855.03,105925891.42,0.0,51363893.4,32179038.369999997,32071538.369999997,32071538.369999997,32071538.369999997,0.4849040467012951,0.303788223432635,0.30277336296217877,Actual,2025,2025-02
2025-02-01,Technology,0.0,426041.67,0.0,8340335.07,0.0,0.0,0.0,-8340335.07,-8766376.74,-8766376.74,-8766376.74,,,,Actual,2025,2025-02
2025-03-01,Customer Success,1686881.31,0.0,0.0,3065931.78,6713853.35,0.0,5026972.039999999,1961040.2599999993,1961040.2599999993,1961040.2599999993,1961040.2599999993,0.7487461786754694,0.2920886349118721,0.2920886349118721,Actual,2025,2025-03
2025-03-01,Finance & Corporate,0.0,0.0,471912.0,6197726.58,0.0,2354588.24,0.0,-6197726.58,-6197726.58,-6669638.58,-9024226.82,,,,Actual,2025,2025-03
2025-03-01,Marketing,0.0,0.0,0.0,6417973.88,0.0,0.0,0.0,-6417973.88,-6417973.88,-6417973.88,-6417973.88,,,,Actual,2025,2025-03
2025-03-01,Operations,0.0,220833.33,0.0,8899965.26,0.0,0.0,0.0,-8899965.26,-9120798.59,-9120798.59,-9120798.59,,,,Actual,2025,2025-03
2025-03-01,Sales,62554112.940000005,107500.0,0.0,19937073.87,120839846.62,0.0,58285733.68,38348659.81,38241159.81,38241159.81,38241159.81,0.4823386929916313,0.317351112920504,0.31646150570064335,Actual,2025,2025-03
2025-03-01,Technology,0.0,426041.67,0.0,8149394.41,0.0,0.0,0.0,-8149394.41,-8575436.08,-8575436.08,-8575436.08,,,,Actual,2025,2025-03
2025-04-01,Customer Success,1727797.49,0.0,0.0,3115805.0300000003,6773644.35,0.0,5045846.859999999,1930041.8299999991,1930041.8299999991,1930041.8299999991,1930041.8299999991,0.744923500449208,0.28493403702247805,0.28493403702247805,Actual,2025,2025-04
2025-04-01,Finance & Corporate,0.0,0.0,471912.0,6382919.55,0.0,2296178.32,0.0,-6382919.55,-6382919.55,-6854831.55,-9151009.87,,,,Actual,2025,2025-04
2025-04-01,Marketing,0.0,0.0,0.0,6729203.89,0.0,0.0,0.0,-6729203.89,-6729203.89,-6729203.89,-6729203.89,,,,Actual,2025,2025-04
2025-04-01,Operations,0.0,220833.33,0.0,9158929.129999999,0.0,0.0,0.0,-9158929.129999999,-9379762.459999999,-9379762.459999999,-9379762.459999999,,,,Actual,2025,2025-04
2025-04-01,Sales,62981636.32,107500.0,0.0,20890128.580000002,122996074.83,0.0,60014438.51,39124309.92999999,39016809.92999999,39016809.92999999,39016809.92999999,0.48793783535734314,0.3180939715684095,0.3172199599371556,Actual,2025,2025-04
2025-04-01,Technology,0.0,426041.67,0.0,8372298.89,0.0,0.0,0.0,-8372298.89,-8798340.56,-8798340.56,-8798340.56,,,,Actual,2025,2025-04
2025-05-01,Customer Success,1775764.2699999998,0.0,0.0,3213773.8,7037750.21,0.0,5261985.94,2048212.1400000006,2048212.1400000006,2048212.1400000006,2048212.1400000006,0.747680122622596,0.291032230312704,0.291032230312704,Actual,2025,2025-05
2025-05-01,Finance & Corporate,0.0,0.0,471912.0,6322506.220000001,0.0,2426432.61,0.0,-6322506.220000001,-6322506.220000001,-6794418.220000001,-9220850.83,,,,Actual,2025,2025-05
2025-05-01,Marketing,0.0,0.0,0.0,6839188.41,0.0,0.0,0.0,-6839188.41,-6839188.41,-6839188.41,-6839188.41,,,,Actual,2025,2025-05
2025-05-01,Operations,0.0,220833.33,0.0,9333717.88,0.0,0.0,0.0,-9333717.88,-9554551.21,-9554551.21,-9554551.21,,,,Actual,2025,2025-05
2025-05-01,Sales,63663268.13,107500.0,0.0,21084540.43,124555124.53999999,0.0,60891856.40999999,39807315.97999999,39699815.97999999,39699815.97999999,39699815.97999999,0.48887475834400534,0.3195959710771768,0.3187328994019084,Actual,2025,2025-05
2025-05-01,Technology,0.0,426041.67,0.0,8428098.15,0.0,0.0,0.0,-8428098.15,-8854139.82,-8854139.82,-8854139.82,,,,Actual,2025,2025-05
2025-06-01,Customer Success,1818209.8900000001,194791.67,0.0,3228128.34,7229871.81,0.0,5411661.92,2183533.58,1988741.9100000001,1988741.9100000001,1988741.9100000001,0.7485142284977803,0.30201553186321295,0.27507291446706855,Actual,2025,2025-06
2025-06-01,Finance & Corporate,0.0,0.0,471912.0,6460177.84,0.0,2657270.26,0.0,-6460177.84,-6460177.84,-6932089.84,-9589360.1,,,,Actual,2025,2025-06
2025-06-01,Marketing,0.0,0.0,0.0,7065714.2700000005,0.0,0.0,0.0,-7065714.2700000005,-7065714.2700000005,-7065714.2700000005,-7065714.2700000005,,,,Actual,2025,2025-06
2025-06-01,Operations,0.0,220833.33,0.0,9404525.360000001,0.0,0.0,0.0,-9404525.360000001,-9625358.690000001,-9625358.690000001,-9625358.690000001,,,,Actual,2025,2025-06
2025-06-01,Sales,65408500.5,107500.0,0.0,21312953.36,127959971.61,0.0,62551471.11,41238517.75,41131017.75,41131017.75,41131017.75,0.4888362377935354,0.3222767028714879,0.32143659640188316,Actual,2025,2025-06
2025-06-01,Technology,0.0,426041.67,0.0,8441474.14,0.0,0.0,0.0,-8441474.14,-8867515.81,-8867515.81,-8867515.81,,,,Actual,2025,2025-06
2025-07-01,Customer Success,1862424.19,194791.67,0.0,3197145.57,7377543.37,0.0,5515119.18,2317973.61,2123181.94,2123181.94,2123181.94,0.7475549655765696,0.31419315261849823,0.2877898283368546,Actual,2025,2025-07
2025-07-01,Finance & Corporate,0.0,0.0,471912.0,6514224.36,0.0,1867162.42,0.0,-6514224.36,-6514224.36,-6986136.36,-8853298.780000001,,,,Actual,2025,2025-07
2025-07-01,Marketing,0.0,0.0,0.0,6982172.04,0.0,0.0,0.0,-6982172.04,-6982172.04,-6982172.04,-6982172.04,,,,Actual,2025,2025-07
2025-07-01,Operations,0.0,220833.33,0.0,9412232.51,0.0,0.0,0.0,-9412232.51,-9633065.84,-9633065.84,-9633065.84,,,,Actual,2025,2025-07
2025-07-01,Sales,61712022.46,107500.0,0.0,20938444.73,120577772.46000001,0.0,58865750.00000001,37927305.27000001,37819805.27000001,37819805.27000001,37819805.27000001,0.4881973584271338,0.31454640848156207,0.31365486771242357,Actual,2025,2025-07
2025-07-01,Technology,0.0,426041.67,0.0,8446921.629999999,0.0,0.0,0.0,-8446921.629999999,-8872963.299999999,-8872963.299999999,-8872963.299999999,,,,Actual,2025,2025-07
2025-08-01,Customer Success,1964607.4500000002,194791.67,0.0,3240188.0,7712089.4,0.0,5747481.95,2507293.95,2312502.2800000003,2312502.2800000003,2312502.2800000003,0.7452561364239372,0.32511214794787,0.2998541847816235,Actual,2025,2025-08
2025-08-01,Finance & Corporate,0.0,0.0,471912.0,6850298.01,0.0,1220869.32,0.0,-6850298.01,-6850298.01,-7322210.01,-8543079.33,,,,Actual,2025,2025-08
2025-08-01,Marketing,0.0,0.0,0.0,7168427.860000001,0.0,0.0,0.0,-7168427.860000001,-7168427.860000001,-7168427.860000001,-7168427.860000001,,,,Actual,2025,2025-08
2025-08-01,Operations,0.0,220833.33,0.0,9585773.120000001,0.0,0.0,0.0,-9585773.120000001,-9806606.450000001,-9806606.450000001,-9806606.450000001,,,,Actual,2025,2025-08
2025-08-01,Sales,58907008.01,107500.0,0.0,20923096.84,115800980.81,0.0,56893972.800000004,35970875.96000001,35863375.96000001,35863375.96000001,35863375.96000001,0.49130821174432504,0.31062669511425883,0.3096983782792194,Actual,2025,2025-08
2025-08-01,Technology,0.0,426041.67,0.0,8569114.98,0.0,0.0,0.0,-8569114.98,-8995156.65,-8995156.65,-8995156.65,,,,Actual,2025,2025-08
2025-09-01,Customer Success,1920130.23,194791.67,0.0,3235035.88,7602566.82,0.0,5682436.59,2447400.71,2252609.04,2252609.04,2252609.04,0.7474365861607777,0.32191768490105815,0.2962958555094949,Actual,2025,2025-09
2025-09-01,Finance & Corporate,0.0,0.0,471912.0,6532198.22,0.0,3000248.78,0.0,-6532198.22,-6532198.22,-7004110.22,-10004359.0,,,,Actual,2025,2025-09
2025-09-01,Marketing,0.0,0.0,0.0,7053221.54,0.0,0.0,0.0,-7053221.54,-7053221.54,-7053221.54,-7053221.54,,,,Actual,2025,2025-09
2025-09-01,Operations,0.0,220833.33,0.0,9303985.6,0.0,0.0,0.0,-9303985.6,-9524818.93,-9524818.93,-9524818.93,,,,Actual,2025,2025-09
2025-09-01,Sales,69102686.35,241666.67,0.0,21604391.31,133357476.38,0.0,64254790.03,42650398.72,42408732.05,42408732.05,42408732.05,0.48182368003805803,0.3198200796666875,0.3180079077768163,Actual,2025,2025-09
2025-09-01,Technology,0.0,426041.67,0.0,8652153.61,0.0,0.0,0.0,-8652153.61,-9078195.28,-9078195.28,-9078195.28,,,,Actual,2025,2025-09
2025-10-01,Customer Success,2160212.13,194791.67,0.0,3237008.8699999996,8523723.71,0.0,6363511.580000001,3126502.7100000014,2931711.0400000014,2931711.0400000014,2931711.0400000014,0.7465647405410798,0.3668001000938123,0.3439472159990978,Actual,2025,2025-10
2025-10-01,Finance & Corporate,0.0,0.0,471912.0,6625038.59,0.0,3768882.31,0.0,-6625038.59,-6625038.59,-7096950.59,-10865832.9,,,,Actual,2025,2025-10
2025-10-01,Marketing,0.0,0.0,0.0,7073256.5,0.0,0.0,0.0,-7073256.5,-7073256.5,-7073256.5,-7073256.5,,,,Actual,2025,2025-10
2025-10-01,Operations,0.0,220833.33,0.0,9803728.87,0.0,0.0,0.0,-9803728.87,-10024562.2,-10024562.2,-10024562.2,,,,Actual,2025,2025-10
2025-10-01,Sales,71742928.38,241666.67,0.0,22160256.86,139784994.28,0.0,68042065.9,45881809.04000001,45640142.370000005,45640142.370000005,45640142.370000005,0.48676230414050425,0.3282312903207282,0.3265024447372321,Actual,2025,2025-10
2025-10-01,Technology,0.0,426041.67,0.0,8875513.229999999,0.0,0.0,0.0,-8875513.229999999,-9301554.899999999,-9301554.899999999,-9301554.899999999,,,,Actual,2025,2025-10
2025-11-01,Customer Success,1979937.01,194791.67,0.0,3223221.03,7731528.07,0.0,5751591.0600000005,2528370.0300000007,2333578.360000001,2333578.360000001,2333578.360000001,0.7439138819552912,0.32702073989883357,0.3018262805065391,Actual,2025,2025-11
2025-11-01,Finance & Corporate,0.0,0.0,471912.0,6833054.77,0.0,4631417.53,0.0,-6833054.77,-6833054.77,-7304966.77,-11936384.3,,,,Actual,2025,2025-11
2025-11-01,Marketing,0.0,0.0,0.0,7200757.06,0.0,0.0,0.0,-7200757.06,-7200757.06,-7200757.06,-7200757.06,,,,Actual,2025,2025-11
2025-11-01,Operations,0.0,220833.33,0.0,9936837.96,0.0,0.0,0.0,-9936837.96,-10157671.290000001,-10157671.290000001,-10157671.290000001,,,,Actual,2025,2025-11
2025-11-01,Sales,75520509.05,241666.67,0.0,23287304.34,149189268.17000002,0.0,73668759.12000002,50381454.780000016,50139788.110000014,50139788.110000014,50139788.110000014,0.4937939573244306,0.33770160144891076,0.3360817351343671,Actual,2025,2025-11
2025-11-01,Technology,0.0,426041.67,0.0,8858259.55,0.0,0.0,0.0,-8858259.55,-9284301.22,-9284301.22,-9284301.22,,,,Actual,2025,2025-11
2025-12-01,Customer Success,2039540.68,194791.67,0.0,3276760.5100000002,8079889.32,0.0,6040348.640000001,2763588.1300000004,2568796.4600000004,2568796.4600000004,2568796.4600000004,0.7475781413302826,0.34203291908458966,0.31792470889935415,Actual,2025,2025-12
2025-12-01,Finance & Corporate,0.0,0.0,471912.0,6616550.16,0.0,6158239.21,0.0,-6616550.16,-6616550.16,-7088462.16,-13246701.370000001,,,,Actual,2025,2025-12
2025-12-01,Marketing,0.0,0.0,0.0,7062796.2,0.0,0.0,0.0,-7062796.2,-7062796.2,-7062796.2,-7062796.2,,,,Actual,2025,2025-12
2025-12-01,Operations,0.0,220833.33,0.0,10103684.91,0.0,0.0,0.0,-10103684.91,-10324518.24,-10324518.24,-10324518.24,,,,Actual,2025,2025-12
2025-12-01,Sales,81169317.13000001,241666.67,0.0,23771169.35,160926016.15,0.0,79756699.02,55985529.669999994,55743862.99999999,55743862.99999999,55743862.99999999,0.49561097035831886,0.34789607677739054,0.346394351476649,Actual,2025,2025-12
2025-12-01,Technology,0.0,426041.67,0.0,8777884.36,0.0,0.0,0.0,-8777884.36,-9203926.03,-9203926.03,-9203926.03,,,,Actual,2025,2025-12
2026-01-01,Customer Success,1968394.85,194791.67,0.0,3345676.2,7849410.62,0.0,5881015.77,2535339.5699999994,2340547.8999999994,2340547.8999999994,2340547.8999999994,0.7492302358364836,0.32299744436098815,0.29818135568502074,Actual,2026,2026-01
2026-01-01,Finance & Corporate,0.0,0.0,500226.72,6856782.65,0.0,703077.81,0.0,-6856782.65,-6856782.65,-7357009.37,-8060087.18,,,,Actual,2026,2026-01
2026-01-01,Marketing,0.0,0.0,0.0,7521929.9,0.0,0.0,0.0,-7521929.9,-7521929.9,-7521929.9,-7521929.9,,,,Actual,2026,2026-01
2026-01-01,Operations,0.0,220833.33,0.0,10268763.08,0.0,0.0,0.0,-10268763.08,-10489596.41,-10489596.41,-10489596.41,,,,Actual,2026,2026-01
2026-01-01,Sales,59417855.97,241666.67,0.0,21334228.86,116302293.4,0.0,56884437.43000001,35550208.57000001,35308541.900000006,35308541.900000006,35308541.900000006,0.48910847556854803,0.3056707441506051,0.30359282579719105,Actual,2026,2026-01
2026-01-01,Technology,0.0,426041.67,0.0,9042201.209999999,0.0,0.0,0.0,-9042201.209999999,-9468242.879999999,-9468242.879999999,-9468242.879999999,,,,Actual,2026,2026-01
2026-02-01,Customer Success,2083760.24,194791.67,0.0,3396094.39,8208619.7,0.0,6124859.46,2728765.07,2533973.4,2533973.4,2533973.4,0.7461497406196075,0.33242678668619524,0.30869664969373595,Actual,2026,2026-02
2026-02-01,Finance & Corporate,0.0,0.0,500226.72,7019379.22,0.0,852665.19,0.0,-7019379.22,-7019379.22,-7519605.9399999995,-8372271.129999999,,,,Actual,2026,2026-02
2026-02-01,Marketing,0.0,0.0,0.0,7534687.970000001,0.0,0.0,0.0,-7534687.970000001,-7534687.970000001,-7534687.970000001,-7534687.970000001,,,,Actual,2026,2026-02
2026-02-01,Operations,0.0,220833.33,0.0,10337986.0,0.0,0.0,0.0,-10337986.0,-10558819.33,-10558819.33,-10558819.33,,,,Actual,2026,2026-02
2026-02-01,Sales,61060208.66,241666.67,0.0,21562329.2,119137397.86,0.0,58077189.2,36514860.0,36273193.33,36273193.33,36273193.33,0.4874807595533294,0.30649368423262957,0.30446521395930715,Actual,2026,2026-02
2026-02-01,Technology,0.0,426041.67,0.0,9357351.05,0.0,0.0,0.0,-9357351.05,-9783392.72,-9783392.72,-9783392.72,,,,Actual,2026,2026-02
2026-03-01,Customer Success,2013010.5999999999,194791.67,0.0,3373771.33,7896588.06,0.0,5883577.46,2509806.13,2315014.46,2315014.46,2315014.46,0.7450784332797018,0.3178342482765905,0.2931664210428624,Actual,2026,2026-03
2026-03-01,Finance & Corporate,0.0,170000.0,500226.72,7025891.79,0.0,2281861.16,0.0,-7025891.79,-7195891.79,-7696118.51,-9977979.67,,,,Actual,2026,2026-03
2026-03-01,Marketing,0.0,0.0,0.0,7483321.23,0.0,0.0,0.0,-7483321.23,-7483321.23,-7483321.23,-7483321.23,,,,Actual,2026,2026-03
2026-03-01,Operations,0.0,220833.33,0.0,10480504.940000001,0.0,0.0,0.0,-10480504.940000001,-10701338.270000001,-10701338.270000001,-10701338.270000001,,,,Actual,2026,2026-03
2026-03-01,Sales,68376525.36,241666.67,0.0,21908193.28,132775332.67,0.0,64398807.31,42490614.03,42248947.36,42248947.36,42248947.36,0.48502086957715923,0.3200188858543946,0.3181987686297544,Actual,2026,2026-03
2026-03-01,Technology,0.0,426041.67,0.0,9129697.52,0.0,0.0,0.0,-9129697.52,-9555739.19,-9555739.19,-9555739.19,,,,Actual,2026,2026-03
2026-04-01,Customer Success,2047623.6800000002,194791.67,0.0,3532029.74,8121340.74,0.0,6073717.0600000005,2541687.3200000003,2346895.6500000004,2346895.6500000004,2346895.6500000004,0.7478712264940629,0.312964004512388,0.2889788429194759,Actual,2026,2026-04
2026-04-01,Finance & Corporate,0.0,170000.0,500226.72,7287657.4799999995,0.0,2490674.92,0.0,-7287657.4799999995,-7457657.4799999995,-7957884.199999999,-10448559.12,,,,Actual,2026,2026-04
2026-04-01,Marketing,0.0,0.0,0.0,7730738.38,0.0,0.0,0.0,-7730738.38,-7730738.38,-7730738.38,-7730738.38,,,,Actual,2026,2026-04
2026-04-01,Operations,0.0,220833.33,0.0,10668772.66,0.0,0.0,0.0,-10668772.66,-10889605.99,-10889605.99,-10889605.99,,,,Actual,2026,2026-04
2026-04-01,Sales,71311495.75,241666.67,0.0,23127699.59,138715605.25,0.0,67404109.5,44276409.91,44034743.239999995,44034743.239999995,44034743.239999995,0.485915837504519,0.31918838424994,0.31744621061659534,Actual,2026,2026-04
2026-04-01,Technology,0.0,426041.67,0.0,9414668.98,0.0,0.0,0.0,-9414668.98,-9840710.65,-9840710.65,-9840710.65,,,,Actual,2026,2026-04
2026-05-01,Customer Success,2146955.71,194791.67,0.0,3535290.72,8438863.52,0.0,6291907.81,2756617.0899999994,2561825.4199999995,2561825.4199999995,2561825.4199999995,0.7455871036530284,0.32665738502191105,0.30357469509117024,Actual,2026,2026-05
2026-05-01,Finance & Corporate,0.0,170000.0,500226.72,7167691.399999999,0.0,2602144.74,0.0,-7167691.399999999,-7337691.399999999,-7837918.119999999,-10440062.86,,,,Actual,2026,2026-05
2026-05-01,Marketing,0.0,0.0,0.0,7705761.05,0.0,0.0,0.0,-7705761.05,-7705761.05,-7705761.05,-7705761.05,,,,Actual,2026,2026-05
2026-05-01,Operations,0.0,220833.33,0.0,10773516.53,0.0,0.0,0.0,-10773516.53,-10994349.86,-10994349.86,-10994349.86,,,,Actual,2026,2026-05
2026-05-01,Sales,71418436.25,241666.67,0.0,23237939.21,139064951.14,0.0,67646514.88999999,44408575.679999985,44166909.00999998,44166909.00999998,44166909.00999998,0.4864382746008995,0.31933693799879753,0.31759914089018815,Actual,2026,2026-05
2026-05-01,Technology,0.0,426041.67,0.0,9356084.79,0.0,0.0,0.0,-9356084.79,-9782126.459999999,-9782126.459999999,-9782126.459999999,,,,Actual,2026,2026-05
2026-06-01,Customer Success,2099270.65,194791.67,0.0,3557795.46,8291553.7,0.0,6192283.050000001,2634487.590000001,2439695.920000001,2439695.920000001,2439695.920000001,0.7468181807711142,0.3177314753446029,0.2942386925625291,Actual,2026,2026-06
2026-06-01,Finance & Corporate,0.0,170000.0,500226.72,7339223.69,0.0,2783849.01,0.0,-7339223.69,-7509223.69,-8009450.41,-10793299.42,,,,Actual,2026,2026-06
2026-06-01,Marketing,0.0,0.0,0.0,7807641.609999999,0.0,0.0,0.0,-7807641.609999999,-7807641.609999999,-7807641.609999999,-7807641.609999999,,,,Actual,2026,2026-06
2026-06-01,Operations,0.0,220833.33,0.0,10743381.15,0.0,0.0,0.0,-10743381.15,-10964214.48,-10964214.48,-10964214.48,,,,Actual,2026,2026-06
2026-06-01,Sales,71772385.53,241666.67,0.0,23664616.65,141156094.07,0.0,69383708.53999999,45719091.88999999,45477425.21999999,45477425.21999999,45477425.21999999,0.4915388811027335,0.3238903158323981,0.3221782631463826,Actual,2026,2026-06
2026-06-01,Technology,0.0,426041.67,0.0,9574376.94,0.0,0.0,0.0,-9574376.94,-10000418.61,-10000418.61,-10000418.61,,,,Actual,2026,2026-06
2026-01-01,Customer Success,1816108.81,200000.0,0.0,3544876.66,7412689.03,0.0,5596580.220000001,2051703.5600000005,1851703.5600000005,1851703.5600000005,1851703.5600000005,0.755000000317024,0.2767826293125911,0.24980186711002506,Budget,2026,2026-01
2026-01-01,Finance & Corporate,0.0,0.0,453035.52,7236190.11,0.0,202774.14,0.0,-7236190.11,-7236190.11,-7689225.630000001,-7891999.7700000005,,,,Budget,2026,2026-01
2026-01-01,Marketing,0.0,0.0,0.0,7600520.51,0.0,0.0,0.0,-7600520.51,-7600520.51,-7600520.51,-7600520.51,,,,Budget,2026,2026-01
2026-01-01,Operations,0.0,215277.78,0.0,10349867.32,0.0,0.0,0.0,-10349867.32,-10565145.1,-10565145.1,-10565145.1,,,,Budget,2026,2026-01
2026-01-01,Sales,58470111.050000004,233333.33000000002,0.0,22752171.66,115941863.82,0.0,57471752.76999999,34719581.109999985,34486247.77999999,34486247.77999999,34486247.77999999,0.49569457378419424,0.2994568136657024,0.2974443108275365,Budget,2026,2026-01
2026-01-01,Technology,0.0,441666.67,0.0,9230296.86,0.0,0.0,0.0,-9230296.86,-9671963.53,-9671963.53,-9671963.53,,,,Budget,2026,2026-01
2026-02-01,Customer Success,1847314.02,200000.0,0.0,3727479.7800000003,7540057.25,0.0,5692743.23,1965263.4500000002,1765263.4500000002,1765263.4500000002,1765263.4500000002,0.7550000008289063,0.2606430408734629,0.23411804333448533,Budget,2026,2026-02
2026-02-01,Finance & Corporate,0.0,0.0,453035.52,7396833.46,0.0,178181.14,0.0,-7396833.46,-7396833.46,-7849868.98,-8028050.12,,,,Budget,2026,2026-02
2026-02-01,Marketing,0.0,0.0,0.0,7873198.65,0.0,0.0,0.0,-7873198.65,-7873198.65,-7873198.65,-7873198.65,,,,Budget,2026,2026-02
2026-02-01,Operations,0.0,215277.78,0.0,10633665.280000001,0.0,0.0,0.0,-10633665.280000001,-10848943.06,-10848943.06,-10848943.06,,,,Budget,2026,2026-02
2026-02-01,Sales,60888934.690000005,233333.33000000002,0.0,23871981.46,120470837.77,0.0,59581903.07999999,35709921.61999999,35476588.28999999,35476588.28999999,35476588.28999999,0.4945753194955971,0.2964196338384938,0.2944827889196806,Budget,2026,2026-02
2026-02-01,Technology,0.0,441666.67,0.0,9515449.8,0.0,0.0,0.0,-9515449.8,-9957116.47,-9957116.47,-9957116.47,,,,Budget,2026,2026-02
2026-03-01,Customer Success,1982097.3599999999,200000.0,0.0,3712833.09,8090193.29,0.0,6108095.93,2395262.84,2195262.84,2195262.84,2195262.84,0.7549999995117546,0.2960699150366035,0.27134862682619537,Budget,2026,2026-03
2026-03-01,Finance & Corporate,0.0,175000.0,453035.52,7503566.48,0.0,2153582.84,0.0,-7503566.48,-7678566.48,-8131602.0,-10285184.84,,,,Budget,2026,2026-03
2026-03-01,Marketing,0.0,0.0,0.0,7659489.45,0.0,0.0,0.0,-7659489.45,-7659489.45,-7659489.45,-7659489.45,,,,Budget,2026,2026-03
2026-03-01,Operations,0.0,215277.78,0.0,10609717.67,0.0,0.0,0.0,-10609717.67,-10824995.45,-10824995.45,-10824995.45,,,,Budget,2026,2026-03
2026-03-01,Sales,69508234.92,233333.33000000002,0.0,24722521.37,137414869.89,0.0,67906634.96999998,43184113.59999998,42950780.26999998,42950780.26999998,42950780.26999998,0.49417239214619896,0.31426084844070135,0.31256282747552644,Budget,2026,2026-03
2026-03-01,Technology,0.0,441666.67,0.0,9473958.17,0.0,0.0,0.0,-9473958.17,-9915624.84,-9915624.84,-9915624.84,,,,Budget,2026,2026-03
2026-04-01,Customer Success,1999749.1400000001,200000.0,0.0,3700837.24,8162241.44,0.0,6162492.300000001,2461655.0600000005,2261655.0600000005,2261655.0600000005,2261655.0600000005,0.7550000015681967,0.30159057142519424,0.27708749816153444,Budget,2026,2026-04
2026-04-01,Finance & Corporate,0.0,175000.0,453035.52,7489511.0200000005,0.0,2404130.11,0.0,-7489511.0200000005,-7664511.0200000005,-8117546.540000001,-10521676.65,,,,Budget,2026,2026-04
2026-04-01,Marketing,0.0,0.0,0.0,7871773.890000001,0.0,0.0,0.0,-7871773.890000001,-7871773.890000001,-7871773.890000001,-7871773.890000001,,,,Budget,2026,2026-04
2026-04-01,Operations,0.0,215277.78,0.0,10616684.72,0.0,0.0,0.0,-10616684.72,-10831962.5,-10831962.5,-10831962.5,,,,Budget,2026,2026-04
2026-04-01,Sales,70629802.02000001,233333.33000000002,0.0,24860306.36,139834560.01,0.0,69204757.98999998,44344451.62999998,44111118.29999998,44111118.29999998,44111118.29999998,0.494904535653067,0.3171208292630146,0.31545219076632747,Budget,2026,2026-04
2026-04-01,Technology,0.0,441666.67,0.0,9493303.32,0.0,0.0,0.0,-9493303.32,-9934969.99,-9934969.99,-9934969.99,,,,Budget,2026,2026-04
2026-05-01,Customer Success,2077719.81,200000.0,0.0,3772360.13,8480489.0,0.0,6402769.1899999995,2630409.0599999996,2430409.0599999996,2430409.0599999996,2430409.0599999996,0.7549999994104113,0.3101718615518515,0.2865883158388626,Budget,2026,2026-05
2026-05-01,Finance & Corporate,0.0,175000.0,453035.52,7460638.09,0.0,2581610.0,0.0,-7460638.09,-7635638.09,-8088673.609999999,-10670283.61,,,,Budget,2026,2026-05
2026-05-01,Marketing,0.0,0.0,0.0,7971505.14,0.0,0.0,0.0,-7971505.14,-7971505.14,-7971505.14,-7971505.14,,,,Budget,2026,2026-05
2026-05-01,Operations,0.0,215277.78,0.0,10784821.5,0.0,0.0,0.0,-10784821.5,-11000099.28,-11000099.28,-11000099.28,,,,Budget,2026,2026-05
2026-05-01,Sales,71244621.47,233333.33000000002,0.0,25047103.55,141636165.96,0.0,70391544.49000001,45344440.94000001,45111107.610000014,45111107.610000014,45111107.610000014,0.496988491695543,0.32014733407007007,0.3184999205834194,Budget,2026,2026-05
2026-05-01,Technology,0.0,441666.67,0.0,9713131.959999999,0.0,0.0,0.0,-9713131.959999999,-10154798.629999999,-10154798.629999999,-10154798.629999999,,,,Budget,2026,2026-05
2026-06-01,Customer Success,2134438.9,200000.0,0.0,3780124.5500000003,8711995.53,0.0,6577556.629999999,2797432.0799999987,2597432.0799999987,2597432.0799999987,2597432.0799999987,0.7550000005567036,0.3211011840360757,0.29814433111859034,Budget,2026,2026-06
2026-06-01,Finance & Corporate,0.0,175000.0,453035.52,7650894.6,0.0,2963976.6,0.0,-7650894.6,-7825894.6,-8278930.119999999,-11242906.719999999,,,,Budget,2026,2026-06
2026-06-01,Marketing,0.0,0.0,0.0,8144542.340000001,0.0,0.0,0.0,-8144542.340000001,-8144542.340000001,-8144542.340000001,-8144542.340000001,,,,Budget,2026,2026-06
2026-06-01,Operations,0.0,215277.78,0.0,10828303.84,0.0,0.0,0.0,-10828303.84,-11043581.62,-11043581.62,-11043581.62,,,,Budget,2026,2026-06
2026-06-01,Sales,72999638.72,233333.33000000002,0.0,25224268.29,145505139.59,0.0,72505500.87,47281232.580000006,47047899.25000001,47047899.25000001,47047899.25000001,0.4983019917667776,0.3249454466916264,0.32334183783865067,Budget,2026,2026-06
2026-06-01,Technology,0.0,441666.67,0.0,9880704.17,0.0,0.0,0.0,-9880704.17,-10322370.84,-10322370.84,-10322370.84,,,,Budget,2026,2026-06
2026-07-01,Customer Success,2178035.2399999998,200000.0,0.0,3759705.16,8889939.76,0.0,6711904.52,2952199.3599999994,2752199.3599999994,2752199.3599999994,2752199.3599999994,0.755000000134984,0.3320831681316139,0.30958582783467586,Budget,2026,2026-07
2026-07-01,Finance & Corporate,0.0,175000.0,453035.52,7503621.19,0.0,2123417.53,0.0,-7503621.19,-7678621.19,-8131656.710000001,-10255074.24,,,,Budget,2026,2026-07
2026-07-01,Marketing,0.0,0.0,0.0,7950999.62,0.0,0.0,0.0,-7950999.62,-7950999.62,-7950999.62,-7950999.62,,,,Budget,2026,2026-07
2026-07-01,Operations,0.0,215277.78,0.0,10880160.76,0.0,0.0,0.0,-10880160.76,-11095438.54,-11095438.54,-11095438.54,,,,Budget,2026,2026-07
2026-07-01,Sales,68658210.04,233333.33000000002,0.0,24923671.259999998,137084868.23,0.0,68426658.18999998,43502986.929999985,43269653.59999999,43269653.59999999,43269653.59999999,0.4991554434381061,0.3173434638826146,0.31564135530555043,Budget,2026,2026-07
2026-07-01,Technology,0.0,441666.67,0.0,9908421.32,0.0,0.0,0.0,-9908421.32,-10350087.99,-10350087.99,-10350087.99,,,,Budget,2026,2026-07
2026-08-01,Customer Success,2276801.6,200000.0,0.0,3809552.77,9293067.73,0.0,7016266.130000001,3206713.360000001,3006713.360000001,3006713.360000001,3006713.360000001,0.7549999993382165,0.3450651015539301,0.32354368302876885,Budget,2026,2026-08
2026-08-01,Finance & Corporate,0.0,175000.0,453035.52,7902713.21,0.0,1293007.5,0.0,-7902713.21,-8077713.21,-8530748.73,-9823756.23,,,,Budget,2026,2026-08
2026-08-01,Marketing,0.0,0.0,0.0,8225256.7700000005,0.0,0.0,0.0,-8225256.7700000005,-8225256.7700000005,-8225256.7700000005,-8225256.7700000005,,,,Budget,2026,2026-08
2026-08-01,Operations,0.0,215277.78,0.0,11045909.77,0.0,0.0,0.0,-11045909.77,-11261187.549999999,-11261187.549999999,-11261187.549999999,,,,Budget,2026,2026-08
2026-08-01,Sales,66146835.78,233333.33000000002,0.0,24739268.62,131739550.41,0.0,65592714.629999995,40853446.00999999,40620112.67999999,40620112.67999999,40620112.67999999,0.49789690663025843,0.310107677480725,0.3083365060346876,Budget,2026,2026-08
2026-08-01,Technology,0.0,441666.67,0.0,9995936.33,0.0,0.0,0.0,-9995936.33,-10437603.0,-10437603.0,-10437603.0,,,,Budget,2026,2026-08
2026-09-01,Customer Success,2244467.79,200000.0,0.0,3816310.72,9161093.02,0.0,6916625.2299999995,3100314.5099999993,2900314.5099999993,2900314.5099999993,2900314.5099999993,0.7549999999890843,0.33842190044698395,0.3165904443572607,Budget,2026,2026-09
2026-09-01,Finance & Corporate,0.0,175000.0,453035.52,7410864.08,0.0,3736279.96,0.0,-7410864.08,-7585864.08,-8038899.6,-11775179.559999999,,,,Budget,2026,2026-09
2026-09-01,Marketing,0.0,0.0,0.0,8072228.65,0.0,0.0,0.0,-8072228.65,-8072228.65,-8072228.65,-8072228.65,,,,Budget,2026,2026-09
2026-09-01,Operations,0.0,215277.78,0.0,10559941.12,0.0,0.0,0.0,-10559941.12,-10775218.899999999,-10775218.899999999,-10775218.899999999,,,,Budget,2026,2026-09
2026-09-01,Sales,76874559.61,233333.33000000002,0.0,25180712.95,151609650.95,0.0,74735091.33999999,49554378.389999986,49321045.05999999,49321045.05999999,49321045.05999999,0.4929441554129506,0.32685503910527924,0.3253159990208393,Budget,2026,2026-09
2026-09-01,Technology,0.0,441666.67,0.0,9948225.93,0.0,0.0,0.0,-9948225.93,-10389892.6,-10389892.6,-10389892.6,,,,Budget,2026,2026-09
2026-10-01,Customer Success,2516416.33,200000.0,0.0,3949783.67,10271087.07,0.0,7754670.74,3804887.0700000003,3604887.0700000003,3604887.0700000003,3604887.0700000003,0.7550000002093255,0.370446384503291,0.3509742489214435,Budget,2026,2026-10
2026-10-01,Finance & Corporate,0.0,175000.0,453035.52,7450778.3100000005,0.0,4263510.95,0.0,-7450778.3100000005,-7625778.3100000005,-8078813.83,-12342324.780000001,,,,Budget,2026,2026-10
2026-10-01,Marketing,0.0,0.0,0.0,8113969.15,0.0,0.0,0.0,-8113969.15,-8113969.15,-8113969.15,-8113969.15,,,,Budget,2026,2026-10
2026-10-01,Operations,0.0,215277.78,0.0,11124023.84,0.0,0.0,0.0,-11124023.84,-11339301.62,-11339301.62,-11339301.62,,,,Budget,2026,2026-10
2026-10-01,Sales,80225748.42999999,233333.33000000002,0.0,26585802.68,159056418.35,0.0,78830669.92,52244867.24,52011533.910000004,52011533.910000004,52011533.910000004,0.49561451677187224,0.3284675197767648,0.32700053509032134,Budget,2026,2026-10
2026-10-01,Technology,0.0,722916.67,0.0,10307375.92,0.0,0.0,0.0,-10307375.92,-11030292.59,-11030292.59,-11030292.59,,,,Budget,2026,2026-10
2026-11-01,Customer Success,2282540.37,200000.0,0.0,3965210.76,9316491.32,0.0,7033950.95,3068740.1900000004,2868740.1900000004,2868740.1900000004,2868740.1900000004,0.7550000003649443,0.3293879728532823,0.3079206636345581,Budget,2026,2026-11
2026-11-01,Finance & Corporate,0.0,175000.0,453035.52,7730984.3,0.0,5344689.58,0.0,-7730984.3,-7905984.3,-8359019.82,-13703709.4,,,,Budget,2026,2026-11
2026-11-01,Marketing,0.0,0.0,0.0,8275794.73,0.0,0.0,0.0,-8275794.73,-8275794.73,-8275794.73,-8275794.73,,,,Budget,2026,2026-11
2026-11-01,Operations,0.0,215277.78,0.0,11261690.84,0.0,0.0,0.0,-11261690.84,-11476968.62,-11476968.62,-11476968.62,,,,Budget,2026,2026-11
2026-11-01,Sales,84641104.45,233333.33000000002,0.0,27468289.54,170078464.51,0.0,85437360.05999999,57969070.51999999,57735737.18999999,57735737.18999999,57735737.18999999,0.5023408478324813,0.34083721702809483,0.3394653012439758,Budget,2026,2026-11
2026-11-01,Technology,0.0,722916.67,0.0,10391019.2,0.0,0.0,0.0,-10391019.2,-11113935.87,-11113935.87,-11113935.87,,,,Budget,2026,2026-11
2026-12-01,Customer Success,2385385.32,200000.0,0.0,4031839.56,9736266.63,0.0,7350881.3100000005,3319041.7500000005,3119041.7500000005,3119041.7500000005,3119041.7500000005,0.7550000004467832,0.34089470596184773,0.32035295134476,Budget,2026,2026-12
2026-12-01,Finance & Corporate,0.0,175000.0,453035.52,7551807.25,0.0,7169359.2,0.0,-7551807.25,-7726807.25,-8179842.77,-15349201.969999999,,,,Budget,2026,2026-12
2026-12-01,Marketing,0.0,0.0,0.0,8107324.280000001,0.0,0.0,0.0,-8107324.280000001,-8107324.280000001,-8107324.280000001,-8107324.280000001,,,,Budget,2026,2026-12
2026-12-01,Operations,0.0,215277.78,0.0,11385373.14,0.0,0.0,0.0,-11385373.14,-11600650.92,-11600650.92,-11600650.92,,,,Budget,2026,2026-12
2026-12-01,Sales,90642538.1,233333.33000000002,0.0,28176858.95,183408724.61,0.0,92766186.51000002,64589327.56000002,64355994.23000002,64355994.23000002,64355994.23000002,0.5057893876491311,0.3521606057582192,0.35088840166598667,Budget,2026,2026-12
2026-12-01,Technology,0.0,722916.67,0.0,10186864.549999999,0.0,0.0,0.0,-10186864.549999999,-10909781.219999999,-10909781.219999999,-10909781.219999999,,,,Budget,2026,2026-12
2026-01-01,Customer Success,1968394.85,194791.67,0.0,3345676.2,7849410.62,0.0,5881015.77,2535339.5699999994,2340547.8999999994,2340547.8999999994,2340547.8999999994,0.7492302358364836,0.32299744436098815,0.29818135568502074,Forecast,2026,2026-01
2026-01-01,Finance & Corporate,0.0,0.0,500226.72,6856782.65,0.0,703077.81,0.0,-6856782.65,-6856782.65,-7357009.37,-8060087.18,,,,Forecast,2026,2026-01
2026-01-01,Marketing,0.0,0.0,0.0,7521929.9,0.0,0.0,0.0,-7521929.9,-7521929.9,-7521929.9,-7521929.9,,,,Forecast,2026,2026-01
2026-01-01,Operations,0.0,220833.33,0.0,10268763.08,0.0,0.0,0.0,-10268763.08,-10489596.41,-10489596.41,-10489596.41,,,,Forecast,2026,2026-01
2026-01-01,Sales,59417855.97,241666.67,0.0,21334228.86,116302293.4,0.0,56884437.43000001,35550208.57000001,35308541.900000006,35308541.900000006,35308541.900000006,0.48910847556854803,0.3056707441506051,0.30359282579719105,Forecast,2026,2026-01
2026-01-01,Technology,0.0,426041.67,0.0,9042201.209999999,0.0,0.0,0.0,-9042201.209999999,-9468242.879999999,-9468242.879999999,-9468242.879999999,,,,Forecast,2026,2026-01
2026-02-01,Customer Success,2083760.24,194791.67,0.0,3396094.39,8208619.7,0.0,6124859.46,2728765.07,2533973.4,2533973.4,2533973.4,0.7461497406196075,0.33242678668619524,0.30869664969373595,Forecast,2026,2026-02
2026-02-01,Finance & Corporate,0.0,0.0,500226.72,7019379.22,0.0,852665.19,0.0,-7019379.22,-7019379.22,-7519605.9399999995,-8372271.129999999,,,,Forecast,2026,2026-02
2026-02-01,Marketing,0.0,0.0,0.0,7534687.970000001,0.0,0.0,0.0,-7534687.970000001,-7534687.970000001,-7534687.970000001,-7534687.970000001,,,,Forecast,2026,2026-02
2026-02-01,Operations,0.0,220833.33,0.0,10337986.0,0.0,0.0,0.0,-10337986.0,-10558819.33,-10558819.33,-10558819.33,,,,Forecast,2026,2026-02
2026-02-01,Sales,61060208.66,241666.67,0.0,21562329.2,119137397.86,0.0,58077189.2,36514860.0,36273193.33,36273193.33,36273193.33,0.4874807595533294,0.30649368423262957,0.30446521395930715,Forecast,2026,2026-02
2026-02-01,Technology,0.0,426041.67,0.0,9357351.05,0.0,0.0,0.0,-9357351.05,-9783392.72,-9783392.72,-9783392.72,,,,Forecast,2026,2026-02
2026-03-01,Customer Success,2013010.5999999999,194791.67,0.0,3373771.33,7896588.06,0.0,5883577.46,2509806.13,2315014.46,2315014.46,2315014.46,0.7450784332797018,0.3178342482765905,0.2931664210428624,Forecast,2026,2026-03
2026-03-01,Finance & Corporate,0.0,170000.0,500226.72,7025891.79,0.0,2281861.16,0.0,-7025891.79,-7195891.79,-7696118.51,-9977979.67,,,,Forecast,2026,2026-03
2026-03-01,Marketing,0.0,0.0,0.0,7483321.23,0.0,0.0,0.0,-7483321.23,-7483321.23,-7483321.23,-7483321.23,,,,Forecast,2026,2026-03
2026-03-01,Operations,0.0,220833.33,0.0,10480504.940000001,0.0,0.0,0.0,-10480504.940000001,-10701338.270000001,-10701338.270000001,-10701338.270000001,,,,Forecast,2026,2026-03
2026-03-01,Sales,68376525.36,241666.67,0.0,21908193.28,132775332.67,0.0,64398807.31,42490614.03,42248947.36,42248947.36,42248947.36,0.48502086957715923,0.3200188858543946,0.3181987686297544,Forecast,2026,2026-03
2026-03-01,Technology,0.0,426041.67,0.0,9129697.52,0.0,0.0,0.0,-9129697.52,-9555739.19,-9555739.19,-9555739.19,,,,Forecast,2026,2026-03
2026-04-01,Customer Success,2047623.6800000002,194791.67,0.0,3532029.74,8121340.74,0.0,6073717.0600000005,2541687.3200000003,2346895.6500000004,2346895.6500000004,2346895.6500000004,0.7478712264940629,0.312964004512388,0.2889788429194759,Forecast,2026,2026-04
2026-04-01,Finance & Corporate,0.0,170000.0,500226.72,7287657.4799999995,0.0,2490674.92,0.0,-7287657.4799999995,-7457657.4799999995,-7957884.199999999,-10448559.12,,,,Forecast,2026,2026-04
2026-04-01,Marketing,0.0,0.0,0.0,7730738.38,0.0,0.0,0.0,-7730738.38,-7730738.38,-7730738.38,-7730738.38,,,,Forecast,2026,2026-04
2026-04-01,Operations,0.0,220833.33,0.0,10668772.66,0.0,0.0,0.0,-10668772.66,-10889605.99,-10889605.99,-10889605.99,,,,Forecast,2026,2026-04
2026-04-01,Sales,71311495.75,241666.67,0.0,23127699.59,138715605.25,0.0,67404109.5,44276409.91,44034743.239999995,44034743.239999995,44034743.239999995,0.485915837504519,0.31918838424994,0.31744621061659534,Forecast,2026,2026-04
2026-04-01,Technology,0.0,426041.67,0.0,9414668.98,0.0,0.0,0.0,-9414668.98,-9840710.65,-9840710.65,-9840710.65,,,,Forecast,2026,2026-04
2026-05-01,Customer Success,2146955.71,194791.67,0.0,3535290.72,8438863.52,0.0,6291907.81,2756617.0899999994,2561825.4199999995,2561825.4199999995,2561825.4199999995,0.7455871036530284,0.32665738502191105,0.30357469509117024,Forecast,2026,2026-05
2026-05-01,Finance & Corporate,0.0,170000.0,500226.72,7167691.399999999,0.0,2602144.74,0.0,-7167691.399999999,-7337691.399999999,-7837918.119999999,-10440062.86,,,,Forecast,2026,2026-05
2026-05-01,Marketing,0.0,0.0,0.0,7705761.05,0.0,0.0,0.0,-7705761.05,-7705761.05,-7705761.05,-7705761.05,,,,Forecast,2026,2026-05
2026-05-01,Operations,0.0,220833.33,0.0,10773516.53,0.0,0.0,0.0,-10773516.53,-10994349.86,-10994349.86,-10994349.86,,,,Forecast,2026,2026-05
2026-05-01,Sales,71418436.25,241666.67,0.0,23237939.21,139064951.14,0.0,67646514.88999999,44408575.679999985,44166909.00999998,44166909.00999998,44166909.00999998,0.4864382746008995,0.31933693799879753,0.31759914089018815,Forecast,2026,2026-05
2026-05-01,Technology,0.0,426041.67,0.0,9356084.79,0.0,0.0,0.0,-9356084.79,-9782126.459999999,-9782126.459999999,-9782126.459999999,,,,Forecast,2026,2026-05
2026-06-01,Customer Success,2099270.65,194791.67,0.0,3557795.46,8291553.7,0.0,6192283.050000001,2634487.590000001,2439695.920000001,2439695.920000001,2439695.920000001,0.7468181807711142,0.3177314753446029,0.2942386925625291,Forecast,2026,2026-06
2026-06-01,Finance & Corporate,0.0,170000.0,500226.72,7339223.69,0.0,2783849.01,0.0,-7339223.69,-7509223.69,-8009450.41,-10793299.42,,,,Forecast,2026,2026-06
2026-06-01,Marketing,0.0,0.0,0.0,7807641.609999999,0.0,0.0,0.0,-7807641.609999999,-7807641.609999999,-7807641.609999999,-7807641.609999999,,,,Forecast,2026,2026-06
2026-06-01,Operations,0.0,220833.33,0.0,10743381.15,0.0,0.0,0.0,-10743381.15,-10964214.48,-10964214.48,-10964214.48,,,,Forecast,2026,2026-06
2026-06-01,Sales,71772385.53,241666.67,0.0,23664616.65,141156094.07,0.0,69383708.53999999,45719091.88999999,45477425.21999999,45477425.21999999,45477425.21999999,0.4915388811027335,0.3238903158323981,0.3221782631463826,Forecast,2026,2026-06
2026-06-01,Technology,0.0,426041.67,0.0,9574376.94,0.0,0.0,0.0,-9574376.94,-10000418.61,-10000418.61,-10000418.61,,,,Forecast,2026,2026-06
2026-07-01,Customer Success,2266161.93,194791.67,0.0,3522500.66,8994158.5,0.0,6727996.57,3205495.91,3010704.24,3010704.24,3010704.24,0.7480406944129349,0.3563975340216653,0.3347399581628454,Forecast,2026,2026-07
2026-07-01,Finance & Corporate,0.0,170000.0,453035.52,7154514.140000001,0.0,2828975.48,0.0,-7154514.140000001,-7324514.140000001,-7777549.66,-10606525.14,,,,Forecast,2026,2026-07
2026-07-01,Marketing,0.0,0.0,0.0,7630934.7,0.0,0.0,0.0,-7630934.7,-7630934.7,-7630934.7,-7630934.7,,,,Forecast,2026,2026-07
2026-07-01,Operations,0.0,220833.33,0.0,10412629.7,0.0,0.0,0.0,-10412629.7,-10633463.03,-10633463.03,-10633463.03,,,,Forecast,2026,2026-07
2026-07-01,Sales,69055527.13,241666.67,0.0,22912830.23,136265143.2,0.0,67209616.07,44296785.83999999,44055119.16999999,44055119.16999999,44055119.16999999,0.49322676725444486,0.32507789446186114,0.32330439124361476,Forecast,2026,2026-07
2026-07-01,Technology,0.0,426041.67,0.0,9281932.44,0.0,0.0,0.0,-9281932.44,-9707974.11,-9707974.11,-9707974.11,,,,Forecast,2026,2026-07
2026-08-01,Customer Success,2337237.88,194791.67,0.0,3548788.5300000003,9276251.51,0.0,6939013.63,3390225.0999999996,3195433.4299999997,3195433.4299999997,3195433.4299999997,0.748040695373513,0.3654736071294815,0.34447464329263316,Forecast,2026,2026-08
2026-08-01,Finance & Corporate,0.0,170000.0,453035.52,7189519.34,0.0,2029066.36,0.0,-7189519.34,-7359519.34,-7812554.859999999,-9841621.219999999,,,,Forecast,2026,2026-08
2026-08-01,Marketing,0.0,0.0,0.0,7674391.49,0.0,0.0,0.0,-7674391.49,-7674391.49,-7674391.49,-7674391.49,,,,Forecast,2026,2026-08
2026-08-01,Operations,0.0,220833.33,0.0,10574193.639999999,0.0,0.0,0.0,-10574193.639999999,-10795026.969999999,-10795026.969999999,-10795026.969999999,,,,Forecast,2026,2026-08
2026-08-01,Sales,67253125.13,241666.67,0.0,23540391.0,132138401.73,0.0,64885276.60000001,41344885.60000001,41103218.93000001,41103218.93000001,41103218.93000001,0.49104027103779324,0.3128907649759569,0.3110618744578636,Forecast,2026,2026-08
2026-08-01,Technology,0.0,426041.67,0.0,9474371.94,0.0,0.0,0.0,-9474371.94,-9900413.61,-9900413.61,-9900413.61,,,,Forecast,2026,2026-08
2026-09-01,Customer Success,2368780.83,194791.67,0.0,3565096.5100000002,9401442.16,0.0,7032661.33,3467564.82,3272773.15,3272773.15,3272773.15,0.7480406952798825,0.3688332875942514,0.3481139482966302,Forecast,2026,2026-09
2026-09-01,Finance & Corporate,0.0,170000.0,453035.52,7224803.67,0.0,3520072.68,0.0,-7224803.67,-7394803.67,-7847839.1899999995,-11367911.87,,,,Forecast,2026,2026-09
2026-09-01,Marketing,0.0,0.0,0.0,7718194.82,0.0,0.0,0.0,-7718194.82,-7718194.82,-7718194.82,-7718194.82,,,,Forecast,2026,2026-09
2026-09-01,Operations,0.0,220833.33,0.0,10632996.34,0.0,0.0,0.0,-10632996.34,-10853829.67,-10853829.67,-10853829.67,,,,Forecast,2026,2026-09
2026-09-01,Sales,75158218.02,241666.67,0.0,24162699.0,146739587.98,0.0,71581369.96,47418670.95999999,47177004.28999999,47177004.28999999,47177004.28999999,0.48781225942760753,0.3231484537523914,0.32150154528463054,Forecast,2026,2026-09
2026-09-01,Technology,0.0,426041.67,0.0,9523581.379999999,0.0,0.0,0.0,-9523581.379999999,-9949623.049999999,-9949623.049999999,-9949623.049999999,,,,Forecast,2026,2026-09
2026-10-01,Customer Success,2440359.2399999998,194791.67,0.0,3471960.96,9685529.35,0.0,7245170.109999999,3773209.1499999994,3578417.4799999995,3578417.4799999995,3578417.4799999995,0.7480406953699438,0.3895718048699114,0.36946018649977036,Forecast,2026,2026-10
2026-10-01,Finance & Corporate,0.0,170000.0,453035.52,7128718.29,0.0,4386049.83,0.0,-7128718.29,-7298718.29,-7751753.8100000005,-12137803.64,,,,Forecast,2026,2026-10
2026-10-01,Marketing,0.0,0.0,0.0,7641168.589999999,0.0,0.0,0.0,-7641168.589999999,-7641168.589999999,-7641168.589999999,-7641168.589999999,,,,Forecast,2026,2026-10
2026-10-01,Operations,0.0,220833.33,0.0,10589041.52,0.0,0.0,0.0,-10589041.52,-10809874.85,-10809874.85,-10809874.85,,,,Forecast,2026,2026-10
2026-10-01,Sales,77881098.37,241666.67,0.0,24094468.43,152510168.04000002,0.0,74629069.67000002,50534601.24000002,50292934.570000015,50292934.570000015,50292934.570000015,0.48933832169423924,0.3313523412205927,0.32976774739904097,Forecast,2026,2026-10
2026-10-01,Technology,0.0,694791.67,0.0,9429563.82,0.0,0.0,0.0,-9429563.82,-10124355.49,-10124355.49,-10124355.49,,,,Forecast,2026,2026-10
2026-11-01,Customer Success,2433362.34,194791.67,0.0,3478608.61,9657759.36,0.0,7224397.02,3745788.4099999997,3550996.7399999998,3550996.7399999998,3550996.7399999998,0.7480406946068285,0.38785273792533176,0.36768329046459075,Forecast,2026,2026-11
2026-11-01,Finance & Corporate,0.0,170000.0,453035.52,7164567.62,0.0,5034625.49,0.0,-7164567.62,-7334567.62,-7787603.140000001,-12822228.63,,,,Forecast,2026,2026-11
2026-11-01,Marketing,0.0,0.0,0.0,7685673.3,0.0,0.0,0.0,-7685673.3,-7685673.3,-7685673.3,-7685673.3,,,,Forecast,2026,2026-11
2026-11-01,Operations,0.0,220833.33,0.0,10752012.19,0.0,0.0,0.0,-10752012.19,-10972845.52,-10972845.52,-10972845.52,,,,Forecast,2026,2026-11
2026-11-01,Sales,80951272.79,241666.67,0.0,25495219.13,160039758.01,0.0,79088485.21999998,53593266.08999999,53351599.41999999,53351599.41999999,53351599.41999999,0.4941802349829733,0.33487470086433924,0.33336465940336113,Forecast,2026,2026-11
2026-11-01,Technology,0.0,694791.67,0.0,9623180.57,0.0,0.0,0.0,-9623180.57,-10317972.24,-10317972.24,-10317972.24,,,,Forecast,2026,2026-11
2026-12-01,Customer Success,2447470.15,194791.67,0.0,3490686.23,9713751.82,0.0,7266281.67,3775595.44,3580803.77,3580803.77,3580803.77,0.7480406957730983,0.38868559851676343,0.3686324127230996,Forecast,2026,2026-12
2026-12-01,Finance & Corporate,0.0,170000.0,453035.52,7200702.79,0.0,6275744.32,0.0,-7200702.79,-7370702.79,-7823738.3100000005,-14099482.63,,,,Forecast,2026,2026-12
2026-12-01,Marketing,0.0,0.0,0.0,7730532.89,0.0,0.0,0.0,-7730532.89,-7730532.89,-7730532.89,-7730532.89,,,,Forecast,2026,2026-12
2026-12-01,Operations,0.0,220833.33,0.0,10812232.84,0.0,0.0,0.0,-10812232.84,-11033066.17,-11033066.17,-11033066.17,,,,Forecast,2026,2026-12
2026-12-01,Sales,85588815.46,241666.67,0.0,26123814.1,170432175.41,0.0,84843359.95,58719545.85,58477879.18,58477879.18,58477879.18,0.4978130434930884,0.34453321803081716,0.3431152541433139,Forecast,2026,2026-12
2026-12-01,Technology,0.0,694791.67,0.0,9673576.62,0.0,0.0,0.0,-9673576.62,-10368368.29,-10368368.29,-10368368.29,,,,Forecast,2026,2026-12
2027-01-01,Customer Success,2360675.58,194791.67,0.0,3480221.5,9416592.86,0.0,7055917.279999999,3575695.7799999993,3380904.1099999994,3380904.1099999994,3380904.1099999994,0.7493068230625403,0.3797228820616122,0.35903687886533514,Forecast,2027,2027-01
2027-01-01,Finance & Corporate,0.0,170000.0,453035.52,7237126.13,0.0,1568082.29,0.0,-7237126.13,-7407126.13,-7860161.65,-9428243.940000001,,,,Forecast,2027,2027-01
2027-01-01,Marketing,0.0,0.0,0.0,7775750.18,0.0,0.0,0.0,-7775750.18,-7775750.18,-7775750.18,-7775750.18,,,,Forecast,2027,2027-01
2027-01-01,Operations,0.0,465277.77,0.0,10872933.709999999,0.0,0.0,0.0,-10872933.709999999,-11338211.479999999,-11338211.479999999,-11338211.479999999,,,,Forecast,2027,2027-01
2027-01-01,Sales,66331691.75,241666.67,0.0,23975312.47,130833385.46,0.0,64501693.70999999,40526381.239999995,40284714.56999999,40284714.56999999,40284714.56999999,0.4930063797035983,0.30975565676537675,0.30790852371787275,Forecast,2027,2027-01
2027-01-01,Technology,0.0,694791.67,0.0,9724374.52,0.0,0.0,0.0,-9724374.52,-10419166.19,-10419166.19,-10419166.19,,,,Forecast,2027,2027-01
2027-02-01,Customer Success,2369922.96,194791.67,0.0,3491211.94,9453480.07,0.0,7083557.11,3592345.1700000004,3397553.5000000005,3397553.5000000005,3397553.5000000005,0.7493068222018264,0.380002405823023,0.3593971188220848,Forecast,2027,2027-02
2027-02-01,Finance & Corporate,0.0,170000.0,453035.52,7273839.89,0.0,1723887.77,0.0,-7273839.89,-7443839.89,-7896875.41,-9620763.18,,,,Forecast,2027,2027-02
2027-02-01,Marketing,0.0,0.0,0.0,7821328.05,0.0,0.0,0.0,-7821328.05,-7821328.05,-7821328.05,-7821328.05,,,,Forecast,2027,2027-02
2027-02-01,Operations,0.0,465277.77,0.0,11037345.03,0.0,0.0,0.0,-11037345.03,-11502622.799999999,-11502622.799999999,-11502622.799999999,,,,Forecast,2027,2027-02
2027-02-01,Sales,68687712.15,241666.67,0.0,25011037.47,135273228.68,0.0,66585516.53,41574479.06,41332812.39,41332812.39,41332812.39,0.49222981649616376,0.30733707966968,0.3055505719300615,Forecast,2027,2027-02
2027-02-01,Technology,0.0,694791.67,0.0,9919196.89,0.0,0.0,0.0,-9919196.89,-10613988.56,-10613988.56,-10613988.56,,,,Forecast,2027,2027-02
2027-03-01,Customer Success,2418962.87,420833.34,0.0,3512433.65,9649097.32,0.0,7230134.45,3717700.8000000003,3296867.4600000004,3296867.4600000004,3296867.4600000004,0.7493068222054164,0.38529000969802635,0.3416762574429087,Forecast,2027,2027-03
2027-03-01,Finance & Corporate,0.0,170000.0,453035.52,7310846.43,0.0,2988424.35,0.0,-7310846.43,-7480846.43,-7933881.949999999,-10922306.299999999,,,,Forecast,2027,2027-03
2027-03-01,Marketing,0.0,0.0,0.0,7867269.37,0.0,0.0,0.0,-7867269.37,-7867269.37,-7867269.37,-7867269.37,,,,Forecast,2027,2027-03
2027-03-01,Operations,0.0,465277.77,0.0,11099017.83,0.0,0.0,0.0,-11099017.83,-11564295.6,-11564295.6,-11564295.6,,,,Forecast,2027,2027-03
2027-03-01,Sales,75108897.98,241666.67,0.0,25582270.74,147620712.07999998,0.0,72511814.09999998,46929543.359999985,46687876.68999998,46687876.68999998,46687876.68999998,0.4912035247513486,0.31790622534436425,0.3162691470062714,Forecast,2027,2027-03
2027-03-01,Technology,0.0,694791.67,0.0,9970808.17,0.0,0.0,0.0,-9970808.17,-10665599.84,-10665599.84,-10665599.84,,,,Forecast,2027,2027-03
2027-04-01,Customer Success,2515435.6799999997,420833.34,0.0,3815124.83,10033921.57,0.0,7518485.890000001,3703361.0600000005,3282527.7200000007,3282527.7200000007,3282527.7200000007,0.7493068226165137,0.36908411473660746,0.32714305140816446,Forecast,2027,2027-04
2027-04-01,Finance & Corporate,0.0,170000.0,453035.52,7743101.35,0.0,2461059.88,0.0,-7743101.35,-7913101.35,-8366136.869999999,-10827196.75,,,,Forecast,2027,2027-04
2027-04-01,Marketing,0.0,0.0,0.0,8222583.090000001,0.0,0.0,0.0,-8222583.090000001,-8222583.090000001,-8222583.090000001,-8222583.090000001,,,,Forecast,2027,2027-04
2027-04-01,Operations,0.0,465277.77,0.0,11656669.270000001,0.0,0.0,0.0,-11656669.270000001,-12121947.040000001,-12121947.040000001,-12121947.040000001,,,,Forecast,2027,2027-04
2027-04-01,Sales,77502747.92,241666.67,0.0,28093871.83,152345317.67,0.0,74842569.74999999,46748697.91999999,46507031.249999985,46507031.249999985,46507031.249999985,0.49126924866912447,0.3068600901884219,0.30527378170388103,Forecast,2027,2027-04
2027-04-01,Technology,0.0,694791.67,0.0,10539860.78,0.0,0.0,0.0,-10539860.78,-11234652.45,-11234652.45,-11234652.45,,,,Forecast,2027,2027-04
2027-05-01,Customer Success,2577628.79,420833.34,0.0,3839844.99,10282006.15,0.0,7704377.36,3864532.37,3443699.0300000003,3443699.0300000003,3443699.0300000003,0.7493068227740751,0.3758539251603151,0.3349248171768503,Forecast,2027,2027-05
2027-05-01,Finance & Corporate,0.0,170000.0,453035.52,7780700.430000001,0.0,2611792.75,0.0,-7780700.430000001,-7950700.430000001,-8403735.950000001,-11015528.700000001,,,,Forecast,2027,2027-05
2027-05-01,Marketing,0.0,0.0,0.0,8269260.01,0.0,0.0,0.0,-8269260.01,-8269260.01,-8269260.01,-8269260.01,,,,Forecast,2027,2027-05
2027-05-01,Operations,0.0,465277.77,0.0,11719329.549999999,0.0,0.0,0.0,-11719329.549999999,-12184607.319999998,-12184607.319999998,-12184607.319999998,,,,Forecast,2027,2027-05
2027-05-01,Sales,77656270.63,241666.67,0.0,28229484.06,153275586.72,0.0,75619316.09,47389832.03,47148165.36,47148165.36,47148165.36,0.49335525446814615,0.3091805619153855,0.307603881145985,Forecast,2027,2027-05
2027-05-01,Technology,0.0,694791.67,0.0,10592298.46,0.0,0.0,0.0,-10592298.46,-11287090.13,-11287090.13,-11287090.13,,,,Forecast,2027,2027-05
2027-06-01,Customer Success,2648112.52,420833.34,0.0,3866752.91,10563161.54,0.0,7915049.02,4048296.1099999994,3627462.7699999996,3627462.7699999996,3627462.7699999996,0.7493068235326826,0.3832466345109023,0.34340692000815504,Forecast,2027,2027-06
2027-06-01,Finance & Corporate,0.0,170000.0,453035.52,7818599.33,0.0,2937877.68,0.0,-7818599.33,-7988599.33,-8441634.85,-11379512.53,,,,Forecast,2027,2027-06
2027-06-01,Marketing,0.0,0.0,0.0,8316309.15,0.0,0.0,0.0,-8316309.15,-8316309.15,-8316309.15,-8316309.15,,,,Forecast,2027,2027-06
2027-06-01,Operations,0.0,465277.77,0.0,11782489.5,0.0,0.0,0.0,-11782489.5,-12247767.27,-12247767.27,-12247767.27,,,,Forecast,2027,2027-06
2027-06-01,Sales,78373494.76,241666.67,0.0,28409175.11,155324250.03,0.0,76950755.27,48541580.16,48299913.489999995,48299913.489999995,48299913.489999995,0.49542009863326164,0.312517717939243,0.3109618329441226,Forecast,2027,2027-06
2027-06-01,Technology,0.0,525000.0,0.0,10645154.28,0.0,0.0,0.0,-10645154.28,-11170154.28,-11170154.28,-11170154.28,,,,Forecast,2027,2027-06
