Month,CostCenterID,Department,Version,FTE,Hires,Exits,AverageSalaryTRY,PayrollCostTRY,BenefitsCostTRY
2023-01-01,CC-101,Sales,Actual,18,0,0,78000.0,1378608.08,255042.5
2023-02-01,CC-101,Sales,Actual,18,0,0,78000.0,1396530.16,258358.08
2023-03-01,CC-101,Sales,Actual,18,0,0,78000.0,1384128.49,256063.77
2023-04-01,CC-101,Sales,Actual,18,0,0,82680.0,1486217.81,274950.3
2023-05-01,CC-101,Sales,Actual,18,0,0,82680.0,1487965.41,275273.6
2023-06-01,CC-101,Sales,Actual,18,0,0,82680.0,1477418.88,273322.49
2023-07-01,CC-101,Sales,Actual,19,1,0,82680.0,1568898.41,290246.21
2023-08-01,CC-101,Sales,Actual,19,0,0,82680.0,1587125.36,293618.19
2023-09-01,CC-101,Sales,Actual,18,0,1,82680.0,1482097.99,274188.13
2023-10-01,CC-101,Sales,Actual,18,0,0,82680.0,1469319.88,271824.18
2023-11-01,CC-101,Sales,Actual,18,0,0,82680.0,1499599.55,277425.92
2023-12-01,CC-101,Sales,Actual,18,0,0,82680.0,1533535.84,283704.13
2024-01-01,CC-101,Sales,Actual,19,1,0,82680.0,1557206.62,288083.23
2024-02-01,CC-101,Sales,Actual,19,0,0,82680.0,1539853.97,284872.98
2024-03-01,CC-101,Sales,Actual,19,0,0,82680.0,1570873.46,290611.59
2024-04-01,CC-101,Sales,Actual,19,0,0,87640.8,1715662.18,317397.5
2024-05-01,CC-101,Sales,Actual,19,0,0,87640.8,1636362.0,302726.97
2024-06-01,CC-101,Sales,Actual,19,0,0,87640.8,1674356.5,309755.95
2024-07-01,CC-101,Sales,Actual,19,0,0,87640.8,1676125.93,310083.3
2024-08-01,CC-101,Sales,Actual,19,0,0,87640.8,1640420.87,303477.86
2024-09-01,CC-101,Sales,Actual,19,0,0,87640.8,1663707.99,307785.98
2024-10-01,CC-101,Sales,Actual,19,0,0,87640.8,1661849.18,307442.1
2024-11-01,CC-101,Sales,Actual,19,0,0,87640.8,1717021.67,317649.01
2024-12-01,CC-101,Sales,Actual,19,0,0,87640.8,1717378.44,317715.01
2025-01-01,CC-101,Sales,Actual,19,0,0,87640.8,1654625.75,306105.76
2025-02-01,CC-101,Sales,Actual,19,0,0,87640.8,1641909.68,303753.29
2025-03-01,CC-101,Sales,Actual,19,0,0,87640.8,1642051.97,303779.61
2025-04-01,CC-101,Sales,Actual,19,0,0,92899.25,1801342.73,333248.4
2025-05-01,CC-101,Sales,Actual,19,0,0,92899.25,1767939.38,327068.79
2025-06-01,CC-101,Sales,Actual,20,1,0,92899.25,1818183.88,336364.02
2025-07-01,CC-101,Sales,Actual,20,0,0,92899.25,1850982.89,342431.83
2025-08-01,CC-101,Sales,Actual,20,0,0,92899.25,1815059.4,335785.99
2025-09-01,CC-101,Sales,Actual,20,0,0,92899.25,1854310.25,343047.4
2025-10-01,CC-101,Sales,Actual,20,0,0,92899.25,1845039.23,341332.26
2025-11-01,CC-101,Sales,Actual,20,0,0,92899.25,1902198.85,351906.79
2025-12-01,CC-101,Sales,Actual,20,0,0,92899.25,1905120.28,352447.25
2026-01-01,CC-101,Sales,Actual,20,0,0,92899.25,1894657.55,350511.65
2026-02-01,CC-101,Sales,Actual,20,0,0,92899.25,1876813.7,347210.53
2026-03-01,CC-101,Sales,Actual,20,0,0,92899.25,1830655.33,338671.24
2026-04-01,CC-101,Sales,Actual,20,0,0,98473.2,1995472.42,369162.4
2026-05-01,CC-101,Sales,Actual,20,0,0,98473.2,1957092.91,362062.19
2026-06-01,CC-101,Sales,Actual,19,0,1,98473.2,1881984.95,348167.22
2026-01-01,CC-101,Sales,Budget,20,0,0,107763.13,2155262.6,398723.58
2026-02-01,CC-101,Sales,Budget,21,1,0,107763.13,2263025.73,418659.76
2026-03-01,CC-101,Sales,Budget,21,0,0,107763.13,2263025.73,418659.76
2026-04-01,CC-101,Sales,Budget,21,0,0,107763.13,2263025.73,418659.76
2026-05-01,CC-101,Sales,Budget,21,0,0,107763.13,2263025.73,418659.76
2026-06-01,CC-101,Sales,Budget,21,0,0,107763.13,2263025.73,418659.76
2026-07-01,CC-101,Sales,Budget,21,0,0,107763.13,2263025.73,418659.76
2026-08-01,CC-101,Sales,Budget,21,0,0,107763.13,2263025.73,418659.76
2026-09-01,CC-101,Sales,Budget,20,0,1,107763.13,2155262.6,398723.58
2026-10-01,CC-101,Sales,Budget,21,1,0,107763.13,2263025.73,418659.76
2026-11-01,CC-101,Sales,Budget,21,0,0,107763.13,2263025.73,418659.76
2026-12-01,CC-101,Sales,Budget,21,0,0,107763.13,2263025.73,418659.76
2026-01-01,CC-101,Sales,Forecast,20,0,0,92899.25,1894657.55,350511.65
2026-02-01,CC-101,Sales,Forecast,20,0,0,92899.25,1876813.7,347210.53
2026-03-01,CC-101,Sales,Forecast,20,0,0,92899.25,1830655.33,338671.24
2026-04-01,CC-101,Sales,Forecast,20,0,0,98473.2,1995472.42,369162.4
2026-05-01,CC-101,Sales,Forecast,20,0,0,98473.2,1957092.91,362062.19
2026-06-01,CC-101,Sales,Forecast,19,0,1,98473.2,1881984.95,348167.22
2026-07-01,CC-101,Sales,Forecast,19,0,0,98473.2,1870990.8,346133.3
2026-08-01,CC-101,Sales,Forecast,20,1,0,98473.2,1969464.0,364350.84
2026-09-01,CC-101,Sales,Forecast,20,0,0,98473.2,1969464.0,364350.84
2026-10-01,CC-101,Sales,Forecast,19,0,1,98473.2,1870990.8,346133.3
2026-11-01,CC-101,Sales,Forecast,20,1,0,98473.2,1969464.0,364350.84
2026-12-01,CC-101,Sales,Forecast,20,0,0,98473.2,1969464.0,364350.84
2027-01-01,CC-101,Sales,Forecast,20,0,0,98473.2,1969464.0,364350.84
2027-02-01,CC-101,Sales,Forecast,21,1,0,98473.2,2067937.2,382568.38
2027-03-01,CC-101,Sales,Forecast,21,0,0,98473.2,2067937.2,382568.38
2027-04-01,CC-101,Sales,Forecast,21,0,0,113244.18,2378127.78,439953.64
2027-05-01,CC-101,Sales,Forecast,21,0,0,113244.18,2378127.78,439953.64
2027-06-01,CC-101,Sales,Forecast,21,0,0,113244.18,2378127.78,439953.64
2023-01-01,CC-102,Sales,Actual,11,0,0,86000.0,957087.29,177061.15
2023-02-01,CC-102,Sales,Actual,11,0,0,86000.0,936060.62,173171.22
2023-03-01,CC-102,Sales,Actual,11,0,0,86000.0,957122.23,177067.61
2023-04-01,CC-102,Sales,Actual,11,0,0,91160.0,1003353.39,185620.38
2023-05-01,CC-102,Sales,Actual,11,0,0,91160.0,1006235.6,186153.59
2023-06-01,CC-102,Sales,Actual,11,0,0,91160.0,1014200.23,187627.04
2023-07-01,CC-102,Sales,Actual,12,1,0,91160.0,1090334.3,201711.85
2023-08-01,CC-102,Sales,Actual,12,0,0,91160.0,1102819.3,204021.57
2023-09-01,CC-102,Sales,Actual,12,0,0,91160.0,1095251.9,202621.6
2023-10-01,CC-102,Sales,Actual,13,1,0,91160.0,1179852.21,218272.66
2023-11-01,CC-102,Sales,Actual,12,0,1,91160.0,1106417.68,204687.27
2023-12-01,CC-102,Sales,Actual,12,0,0,91160.0,1135898.2,210141.17
2024-01-01,CC-102,Sales,Actual,13,1,0,91160.0,1164728.58,215474.79
2024-02-01,CC-102,Sales,Actual,13,0,0,91160.0,1182728.26,218804.73
2024-03-01,CC-102,Sales,Actual,13,0,0,91160.0,1170838.94,216605.2
2024-04-01,CC-102,Sales,Actual,13,0,0,96629.6,1268466.26,234666.26
2024-05-01,CC-102,Sales,Actual,13,0,0,96629.6,1267216.57,234435.07
2024-06-01,CC-102,Sales,Actual,13,0,0,96629.6,1229285.41,227417.8
2024-07-01,CC-102,Sales,Actual,13,0,0,96629.6,1254110.98,232010.53
2024-08-01,CC-102,Sales,Actual,14,1,0,96629.6,1342707.85,248400.95
2024-09-01,CC-102,Sales,Actual,14,0,0,96629.6,1374343.82,254253.61
2024-10-01,CC-102,Sales,Actual,14,0,0,96629.6,1356450.5,250943.34
2024-11-01,CC-102,Sales,Actual,14,0,0,96629.6,1378257.67,254977.67
2024-12-01,CC-102,Sales,Actual,14,0,0,96629.6,1407454.99,260379.17
2025-01-01,CC-102,Sales,Actual,15,1,0,96629.6,1455852.27,269332.67
2025-02-01,CC-102,Sales,Actual,15,0,0,96629.6,1440844.07,266556.15
2025-03-01,CC-102,Sales,Actual,15,0,0,96629.6,1452357.33,268686.11
2025-04-01,CC-102,Sales,Actual,15,0,0,102427.38,1549965.94,286743.7
2025-05-01,CC-102,Sales,Actual,15,0,0,102427.38,1548616.13,286493.98
2025-06-01,CC-102,Sales,Actual,15,0,0,102427.38,1549484.23,286654.58
2025-07-01,CC-102,Sales,Actual,15,0,0,102427.38,1561400.03,288859.0
2025-08-01,CC-102,Sales,Actual,15,0,0,102427.38,1550206.94,286788.28
2025-09-01,CC-102,Sales,Actual,15,0,0,102427.38,1570574.61,290556.3
2025-10-01,CC-102,Sales,Actual,15,0,0,102427.38,1557228.83,288087.33
2025-11-01,CC-102,Sales,Actual,15,0,0,102427.38,1578183.68,291963.98
2025-12-01,CC-102,Sales,Actual,15,0,0,102427.38,1557074.06,288058.7
2026-01-01,CC-102,Sales,Actual,15,0,0,102427.38,1568567.81,290185.04
2026-02-01,CC-102,Sales,Actual,15,0,0,102427.38,1531635.44,283352.56
2026-03-01,CC-102,Sales,Actual,14,0,1,102427.38,1399141.7,258841.21
2026-04-01,CC-102,Sales,Actual,14,0,0,108573.02,1524254.45,281987.07
2026-05-01,CC-102,Sales,Actual,14,0,0,108573.02,1524230.11,281982.57
2026-06-01,CC-102,Sales,Actual,15,1,0,108573.02,1667472.14,308482.35
2026-01-01,CC-102,Sales,Budget,15,0,0,118815.76,1782236.41,329713.74
2026-02-01,CC-102,Sales,Budget,16,1,0,118815.76,1901052.17,351694.65
2026-03-01,CC-102,Sales,Budget,16,0,0,118815.76,1901052.17,351694.65
2026-04-01,CC-102,Sales,Budget,16,0,0,118815.76,1901052.17,351694.65
2026-05-01,CC-102,Sales,Budget,16,0,0,118815.76,1901052.17,351694.65
2026-06-01,CC-102,Sales,Budget,16,0,0,118815.76,1901052.17,351694.65
2026-07-01,CC-102,Sales,Budget,16,0,0,118815.76,1901052.17,351694.65
2026-08-01,CC-102,Sales,Budget,16,0,0,118815.76,1901052.17,351694.65
2026-09-01,CC-102,Sales,Budget,16,0,0,118815.76,1901052.17,351694.65
2026-10-01,CC-102,Sales,Budget,17,1,0,118815.76,2019867.93,373675.57
2026-11-01,CC-102,Sales,Budget,17,0,0,118815.76,2019867.93,373675.57
2026-12-01,CC-102,Sales,Budget,17,0,0,118815.76,2019867.93,373675.57
2026-01-01,CC-102,Sales,Forecast,15,0,0,102427.38,1568567.81,290185.04
2026-02-01,CC-102,Sales,Forecast,15,0,0,102427.38,1531635.44,283352.56
2026-03-01,CC-102,Sales,Forecast,14,0,1,102427.38,1399141.7,258841.21
2026-04-01,CC-102,Sales,Forecast,14,0,0,108573.02,1524254.45,281987.07
2026-05-01,CC-102,Sales,Forecast,14,0,0,108573.02,1524230.11,281982.57
2026-06-01,CC-102,Sales,Forecast,15,1,0,108573.02,1667472.14,308482.35
2026-07-01,CC-102,Sales,Forecast,15,0,0,108573.02,1628595.3,301290.13
2026-08-01,CC-102,Sales,Forecast,16,1,0,108573.02,1737168.32,321376.14
2026-09-01,CC-102,Sales,Forecast,16,0,0,108573.02,1737168.32,321376.14
2026-10-01,CC-102,Sales,Forecast,15,0,1,108573.02,1628595.3,301290.13
2026-11-01,CC-102,Sales,Forecast,16,1,0,108573.02,1737168.32,321376.14
2026-12-01,CC-102,Sales,Forecast,16,0,0,108573.02,1737168.32,321376.14
2027-01-01,CC-102,Sales,Forecast,16,0,0,108573.02,1737168.32,321376.14
2027-02-01,CC-102,Sales,Forecast,17,1,0,108573.02,1845741.34,341462.15
2027-03-01,CC-102,Sales,Forecast,17,0,0,108573.02,1845741.34,341462.15
2027-04-01,CC-102,Sales,Forecast,17,0,0,124858.97,2122602.54,392681.47
2027-05-01,CC-102,Sales,Forecast,17,0,0,124858.97,2122602.54,392681.47
2027-06-01,CC-102,Sales,Forecast,17,0,0,124858.97,2122602.54,392681.47
2023-01-01,CC-103,Sales,Actual,7,0,0,82000.0,566914.9,104879.26
2023-02-01,CC-103,Sales,Actual,7,0,0,82000.0,574818.33,106341.39
2023-03-01,CC-103,Sales,Actual,7,0,0,82000.0,568085.13,105095.75
2023-04-01,CC-103,Sales,Actual,7,0,0,86920.0,603819.0,111706.51
2023-05-01,CC-103,Sales,Actual,6,0,1,86920.0,514721.89,95223.55
2023-06-01,CC-103,Sales,Actual,6,0,0,86920.0,506784.65,93755.16
2023-07-01,CC-103,Sales,Actual,6,0,0,86920.0,525911.38,97293.61
2023-08-01,CC-103,Sales,Actual,6,0,0,86920.0,533364.45,98672.42
2023-09-01,CC-103,Sales,Actual,7,1,0,86920.0,602404.12,111444.76
2023-10-01,CC-103,Sales,Actual,7,0,0,86920.0,606056.26,112120.41
2023-11-01,CC-103,Sales,Actual,7,0,0,86920.0,626962.33,115988.03
2023-12-01,CC-103,Sales,Actual,7,0,0,86920.0,611274.57,113085.8
2024-01-01,CC-103,Sales,Actual,8,1,0,86920.0,696055.28,128770.23
2024-02-01,CC-103,Sales,Actual,9,1,0,86920.0,767349.96,141959.74
2024-03-01,CC-103,Sales,Actual,9,0,0,86920.0,792637.74,146637.98
2024-04-01,CC-103,Sales,Actual,9,0,0,92135.2,843862.16,156114.5
2024-05-01,CC-103,Sales,Actual,9,0,0,92135.2,811769.8,150177.41
2024-06-01,CC-103,Sales,Actual,9,0,0,92135.2,819608.3,151627.54
2024-07-01,CC-103,Sales,Actual,9,0,0,92135.2,826380.54,152880.4
2024-08-01,CC-103,Sales,Actual,9,0,0,92135.2,806750.49,149248.84
2024-09-01,CC-103,Sales,Actual,9,0,0,92135.2,834270.72,154340.08
2024-10-01,CC-103,Sales,Actual,9,0,0,92135.2,833678.33,154230.49
2024-11-01,CC-103,Sales,Actual,8,0,1,92135.2,760105.41,140619.5
2024-12-01,CC-103,Sales,Actual,8,0,0,92135.2,750316.99,138808.64
2025-01-01,CC-103,Sales,Actual,7,0,1,92135.2,642477.03,118858.25
2025-02-01,CC-103,Sales,Actual,7,0,0,92135.2,650612.07,120363.23
2025-03-01,CC-103,Sales,Actual,7,0,0,92135.2,646686.77,119637.05
2025-04-01,CC-103,Sales,Actual,7,0,0,97663.31,681369.17,126053.3
2025-05-01,CC-103,Sales,Actual,7,0,0,97663.31,682838.92,126325.2
2025-06-01,CC-103,Sales,Actual,7,0,0,97663.31,691671.12,127959.16
2025-07-01,CC-103,Sales,Actual,7,0,0,97663.31,686666.51,127033.3
2025-08-01,CC-103,Sales,Actual,8,1,0,97663.31,785327.54,145285.6
2025-09-01,CC-103,Sales,Actual,8,0,0,97663.31,790033.84,146156.26
2025-10-01,CC-103,Sales,Actual,8,0,0,97663.31,777661.38,143867.35
2025-11-01,CC-103,Sales,Actual,8,0,0,97663.31,790089.65,146166.59
2025-12-01,CC-103,Sales,Actual,9,1,0,97663.31,880468.52,162886.68
2026-01-01,CC-103,Sales,Actual,9,0,0,97663.31,879883.49,162778.45
2026-02-01,CC-103,Sales,Actual,9,0,0,97663.31,871098.27,161153.18
2026-03-01,CC-103,Sales,Actual,9,0,0,97663.31,887719.53,164228.11
2026-04-01,CC-103,Sales,Actual,9,0,0,103523.11,936453.2,173243.84
2026-05-01,CC-103,Sales,Actual,9,0,0,103523.11,933932.35,172777.49
2026-06-01,CC-103,Sales,Actual,10,1,0,103523.11,1040226.46,192441.89
2026-01-01,CC-103,Sales,Budget,9,0,0,113289.44,1019604.96,188626.92
2026-02-01,CC-103,Sales,Budget,10,1,0,113289.44,1132894.4,209585.46
2026-03-01,CC-103,Sales,Budget,10,0,0,113289.44,1132894.4,209585.46
2026-04-01,CC-103,Sales,Budget,10,0,0,113289.44,1132894.4,209585.46
2026-05-01,CC-103,Sales,Budget,10,0,0,113289.44,1132894.4,209585.46
2026-06-01,CC-103,Sales,Budget,10,0,0,113289.44,1132894.4,209585.46
2026-07-01,CC-103,Sales,Budget,10,0,0,113289.44,1132894.4,209585.46
2026-08-01,CC-103,Sales,Budget,10,0,0,113289.44,1132894.4,209585.46
2026-09-01,CC-103,Sales,Budget,10,0,0,113289.44,1132894.4,209585.46
2026-10-01,CC-103,Sales,Budget,11,1,0,113289.44,1246183.84,230544.01
2026-11-01,CC-103,Sales,Budget,11,0,0,113289.44,1246183.84,230544.01
2026-12-01,CC-103,Sales,Budget,11,0,0,113289.44,1246183.84,230544.01
2026-01-01,CC-103,Sales,Forecast,9,0,0,97663.31,879883.49,162778.45
2026-02-01,CC-103,Sales,Forecast,9,0,0,97663.31,871098.27,161153.18
2026-03-01,CC-103,Sales,Forecast,9,0,0,97663.31,887719.53,164228.11
2026-04-01,CC-103,Sales,Forecast,9,0,0,103523.11,936453.2,173243.84
2026-05-01,CC-103,Sales,Forecast,9,0,0,103523.11,933932.35,172777.49
2026-06-01,CC-103,Sales,Forecast,10,1,0,103523.11,1040226.46,192441.89
2026-07-01,CC-103,Sales,Forecast,10,0,0,103523.11,1035231.1,191517.75
2026-08-01,CC-103,Sales,Forecast,11,1,0,103523.11,1138754.21,210669.53
2026-09-01,CC-103,Sales,Forecast,11,0,0,103523.11,1138754.21,210669.53
2026-10-01,CC-103,Sales,Forecast,11,0,0,103523.11,1138754.21,210669.53
2026-11-01,CC-103,Sales,Forecast,12,1,0,103523.11,1242277.32,229821.3
2026-12-01,CC-103,Sales,Forecast,12,0,0,103523.11,1242277.32,229821.3
2027-01-01,CC-103,Sales,Forecast,12,0,0,103523.11,1242277.32,229821.3
2027-02-01,CC-103,Sales,Forecast,13,1,0,103523.11,1345800.43,248973.08
2027-03-01,CC-103,Sales,Forecast,13,0,0,103523.11,1345800.43,248973.08
2027-04-01,CC-103,Sales,Forecast,13,0,0,119051.58,1547670.49,286319.04
2027-05-01,CC-103,Sales,Forecast,13,0,0,119051.58,1547670.49,286319.04
2027-06-01,CC-103,Sales,Forecast,13,0,0,119051.58,1547670.49,286319.04
2023-01-01,CC-201,Sales,Actual,24,0,0,71000.0,1707038.98,315802.21
2023-02-01,CC-201,Sales,Actual,24,0,0,71000.0,1669292.13,308819.04
2023-03-01,CC-201,Sales,Actual,24,0,0,71000.0,1696705.65,313890.54
2023-04-01,CC-201,Sales,Actual,24,0,0,75260.0,1793418.53,331782.43
2023-05-01,CC-201,Sales,Actual,24,0,0,75260.0,1808500.48,334572.59
2023-06-01,CC-201,Sales,Actual,25,1,0,75260.0,1884438.41,348621.11
2023-07-01,CC-201,Sales,Actual,25,0,0,75260.0,1860067.59,344112.5
2023-08-01,CC-201,Sales,Actual,25,0,0,75260.0,1925454.47,356209.08
2023-09-01,CC-201,Sales,Actual,25,0,0,75260.0,1881322.95,348044.75
2023-10-01,CC-201,Sales,Actual,25,0,0,75260.0,1897403.33,351019.62
2023-11-01,CC-201,Sales,Actual,26,1,0,75260.0,2016274.69,373010.82
2023-12-01,CC-201,Sales,Actual,26,0,0,75260.0,1998642.91,369748.94
2024-01-01,CC-201,Sales,Actual,26,0,0,75260.0,1951118.04,360956.84
2024-02-01,CC-201,Sales,Actual,26,0,0,75260.0,1940869.05,359060.77
2024-03-01,CC-201,Sales,Actual,26,0,0,75260.0,1947443.58,360277.06
2024-04-01,CC-201,Sales,Actual,26,0,0,79775.6,2084835.31,385694.53
2024-05-01,CC-201,Sales,Actual,25,0,1,79775.6,1980961.15,366477.81
2024-06-01,CC-201,Sales,Actual,26,1,0,79775.6,2102921.96,389040.56
2024-07-01,CC-201,Sales,Actual,26,0,0,79775.6,2100986.17,388682.44
2024-08-01,CC-201,Sales,Actual,27,1,0,79775.6,2161994.23,399968.93
2024-09-01,CC-201,Sales,Actual,27,0,0,79775.6,2146997.92,397194.61
2024-10-01,CC-201,Sales,Actual,27,0,0,79775.6,2155843.26,398831.0
2024-11-01,CC-201,Sales,Actual,27,0,0,79775.6,2238377.54,414099.85
2024-12-01,CC-201,Sales,Actual,27,0,0,79775.6,2217114.7,410166.22
2025-01-01,CC-201,Sales,Actual,27,0,0,79775.6,2125677.86,393250.4
2025-02-01,CC-201,Sales,Actual,28,1,0,79775.6,2198794.61,406777.0
2025-03-01,CC-201,Sales,Actual,28,0,0,79775.6,2237689.68,413972.59
2025-04-01,CC-201,Sales,Actual,28,0,0,84562.14,2361708.94,436916.15
2025-05-01,CC-201,Sales,Actual,28,0,0,84562.14,2363238.96,437199.21
2025-06-01,CC-201,Sales,Actual,28,0,0,84562.14,2379496.27,440206.81
2025-07-01,CC-201,Sales,Actual,28,0,0,84562.14,2340130.41,432924.12
2025-08-01,CC-201,Sales,Actual,28,0,0,84562.14,2383265.56,440904.13
2025-09-01,CC-201,Sales,Actual,28,0,0,84562.14,2345063.58,433836.76
2025-10-01,CC-201,Sales,Actual,28,0,0,84562.14,2394115.09,442911.29
2025-11-01,CC-201,Sales,Actual,28,0,0,84562.14,2471894.84,457300.55
2025-12-01,CC-201,Sales,Actual,28,0,0,84562.14,2368469.61,438166.88
2026-01-01,CC-201,Sales,Actual,28,0,0,84562.14,2362715.72,437102.41
2026-02-01,CC-201,Sales,Actual,28,0,0,84562.14,2396882.98,443423.35
2026-03-01,CC-201,Sales,Actual,28,0,0,84562.14,2389667.42,442088.47
2026-04-01,CC-201,Sales,Actual,28,0,0,89635.86,2507276.8,463846.21
2026-05-01,CC-201,Sales,Actual,28,0,0,89635.86,2539551.11,469816.96
2026-06-01,CC-201,Sales,Actual,28,0,0,89635.86,2515727.13,465409.52
2026-01-01,CC-201,Sales,Budget,28,0,0,98092.08,2746578.31,508116.99
2026-02-01,CC-201,Sales,Budget,29,1,0,98092.08,2844670.39,526264.02
2026-03-01,CC-201,Sales,Budget,29,0,0,98092.08,2844670.39,526264.02
2026-04-01,CC-201,Sales,Budget,29,0,0,98092.08,2844670.39,526264.02
2026-05-01,CC-201,Sales,Budget,29,0,0,98092.08,2844670.39,526264.02
2026-06-01,CC-201,Sales,Budget,29,0,0,98092.08,2844670.39,526264.02
2026-07-01,CC-201,Sales,Budget,29,0,0,98092.08,2844670.39,526264.02
2026-08-01,CC-201,Sales,Budget,29,0,0,98092.08,2844670.39,526264.02
2026-09-01,CC-201,Sales,Budget,28,0,1,98092.08,2746578.31,508116.99
2026-10-01,CC-201,Sales,Budget,29,1,0,98092.08,2844670.39,526264.02
2026-11-01,CC-201,Sales,Budget,29,0,0,98092.08,2844670.39,526264.02
2026-12-01,CC-201,Sales,Budget,29,0,0,98092.08,2844670.39,526264.02
2026-01-01,CC-201,Sales,Forecast,28,0,0,84562.14,2362715.72,437102.41
2026-02-01,CC-201,Sales,Forecast,28,0,0,84562.14,2396882.98,443423.35
2026-03-01,CC-201,Sales,Forecast,28,0,0,84562.14,2389667.42,442088.47
2026-04-01,CC-201,Sales,Forecast,28,0,0,89635.86,2507276.8,463846.21
2026-05-01,CC-201,Sales,Forecast,28,0,0,89635.86,2539551.11,469816.96
2026-06-01,CC-201,Sales,Forecast,28,0,0,89635.86,2515727.13,465409.52
2026-07-01,CC-201,Sales,Forecast,28,0,0,89635.86,2509804.08,464313.75
2026-08-01,CC-201,Sales,Forecast,29,1,0,89635.86,2599439.94,480896.39
2026-09-01,CC-201,Sales,Forecast,29,0,0,89635.86,2599439.94,480896.39
2026-10-01,CC-201,Sales,Forecast,28,0,1,89635.86,2509804.08,464313.75
2026-11-01,CC-201,Sales,Forecast,29,1,0,89635.86,2599439.94,480896.39
2026-12-01,CC-201,Sales,Forecast,29,0,0,89635.86,2599439.94,480896.39
2027-01-01,CC-201,Sales,Forecast,29,0,0,89635.86,2599439.94,480896.39
2027-02-01,CC-201,Sales,Forecast,30,1,0,89635.86,2689075.8,497479.02
2027-03-01,CC-201,Sales,Forecast,30,0,0,89635.86,2689075.8,497479.02
2027-04-01,CC-201,Sales,Forecast,30,0,0,103081.24,3092437.17,572100.88
2027-05-01,CC-201,Sales,Forecast,30,0,0,103081.24,3092437.17,572100.88
2027-06-01,CC-201,Sales,Forecast,30,0,0,103081.24,3092437.17,572100.88
2023-01-01,CC-202,Sales,Actual,19,0,0,68000.0,1318082.57,243845.28
2023-02-01,CC-202,Sales,Actual,19,0,0,68000.0,1336093.16,247177.23
2023-03-01,CC-202,Sales,Actual,19,0,0,68000.0,1280973.58,236980.11
2023-04-01,CC-202,Sales,Actual,19,0,0,72080.0,1381547.2,255586.23
2023-05-01,CC-202,Sales,Actual,19,0,0,72080.0,1359240.72,251459.53
2023-06-01,CC-202,Sales,Actual,19,0,0,72080.0,1377336.98,254807.34
2023-07-01,CC-202,Sales,Actual,19,0,0,72080.0,1365540.82,252625.05
2023-08-01,CC-202,Sales,Actual,18,0,1,72080.0,1296424.69,239838.57
2023-09-01,CC-202,Sales,Actual,18,0,0,72080.0,1306850.91,241767.42
2023-10-01,CC-202,Sales,Actual,18,0,0,72080.0,1307519.72,241891.15
2023-11-01,CC-202,Sales,Actual,17,0,1,72080.0,1252060.99,231631.28
2023-12-01,CC-202,Sales,Actual,18,1,0,72080.0,1338225.33,247571.69
2024-01-01,CC-202,Sales,Actual,18,0,0,72080.0,1323192.7,244790.65
2024-02-01,CC-202,Sales,Actual,19,1,0,72080.0,1369675.43,253389.95
2024-03-01,CC-202,Sales,Actual,19,0,0,72080.0,1379136.04,255140.17
2024-04-01,CC-202,Sales,Actual,19,0,0,76404.8,1444057.44,267150.63
2024-05-01,CC-202,Sales,Actual,19,0,0,76404.8,1446210.22,267548.89
2024-06-01,CC-202,Sales,Actual,19,0,0,76404.8,1434359.34,265356.48
2024-07-01,CC-202,Sales,Actual,19,0,0,76404.8,1458850.76,269887.39
2024-08-01,CC-202,Sales,Actual,19,0,0,76404.8,1423856.84,263413.52
2024-09-01,CC-202,Sales,Actual,20,1,0,76404.8,1535343.05,284038.46
2024-10-01,CC-202,Sales,Actual,20,0,0,76404.8,1546500.11,286102.52
2024-11-01,CC-202,Sales,Actual,20,0,0,76404.8,1559068.65,288427.7
2024-12-01,CC-202,Sales,Actual,21,1,0,76404.8,1667803.44,308543.64
2025-01-01,CC-202,Sales,Actual,21,0,0,76404.8,1584812.58,293190.33
2025-02-01,CC-202,Sales,Actual,21,0,0,76404.8,1600318.39,296058.9
2025-03-01,CC-202,Sales,Actual,21,0,0,76404.8,1594035.94,294896.65
2025-04-01,CC-202,Sales,Actual,21,0,0,80989.09,1679545.33,310715.89
2025-05-01,CC-202,Sales,Actual,21,0,0,80989.09,1731974.77,320415.33
2025-06-01,CC-202,Sales,Actual,21,0,0,80989.09,1683866.9,311515.38
2025-07-01,CC-202,Sales,Actual,21,0,0,80989.09,1710384.29,316421.09
2025-08-01,CC-202,Sales,Actual,21,0,0,80989.09,1723785.0,318900.23
2025-09-01,CC-202,Sales,Actual,21,0,0,80989.09,1703402.38,315129.44
2025-10-01,CC-202,Sales,Actual,21,0,0,80989.09,1675119.13,309897.04
2025-11-01,CC-202,Sales,Actual,21,0,0,80989.09,1744486.41,322729.99
2025-12-01,CC-202,Sales,Actual,21,0,0,80989.09,1789513.39,331059.98
2026-01-01,CC-202,Sales,Actual,21,0,0,80989.09,1684844.84,311696.3
2026-02-01,CC-202,Sales,Actual,21,0,0,80989.09,1719934.26,318187.84
2026-03-01,CC-202,Sales,Actual,21,0,0,80989.09,1712632.85,316837.08
2026-04-01,CC-202,Sales,Actual,21,0,0,85848.43,1821857.17,337043.58
2026-05-01,CC-202,Sales,Actual,21,0,0,85848.43,1797126.77,332468.45
2026-06-01,CC-202,Sales,Actual,21,0,0,85848.43,1817101.31,336163.74
2026-01-01,CC-202,Sales,Budget,21,0,0,93947.34,1972894.23,364985.43
2026-02-01,CC-202,Sales,Budget,22,1,0,93947.34,2066841.58,382365.69
2026-03-01,CC-202,Sales,Budget,22,0,0,93947.34,2066841.58,382365.69
2026-04-01,CC-202,Sales,Budget,22,0,0,93947.34,2066841.58,382365.69
2026-05-01,CC-202,Sales,Budget,22,0,0,93947.34,2066841.58,382365.69
2026-06-01,CC-202,Sales,Budget,22,0,0,93947.34,2066841.58,382365.69
2026-07-01,CC-202,Sales,Budget,22,0,0,93947.34,2066841.58,382365.69
2026-08-01,CC-202,Sales,Budget,22,0,0,93947.34,2066841.58,382365.69
2026-09-01,CC-202,Sales,Budget,21,0,1,93947.34,1972894.23,364985.43
2026-10-01,CC-202,Sales,Budget,22,1,0,93947.34,2066841.58,382365.69
2026-11-01,CC-202,Sales,Budget,22,0,0,93947.34,2066841.58,382365.69
2026-12-01,CC-202,Sales,Budget,22,0,0,93947.34,2066841.58,382365.69
2026-01-01,CC-202,Sales,Forecast,21,0,0,80989.09,1684844.84,311696.3
2026-02-01,CC-202,Sales,Forecast,21,0,0,80989.09,1719934.26,318187.84
2026-03-01,CC-202,Sales,Forecast,21,0,0,80989.09,1712632.85,316837.08
2026-04-01,CC-202,Sales,Forecast,21,0,0,85848.43,1821857.17,337043.58
2026-05-01,CC-202,Sales,Forecast,21,0,0,85848.43,1797126.77,332468.45
2026-06-01,CC-202,Sales,Forecast,21,0,0,85848.43,1817101.31,336163.74
2026-07-01,CC-202,Sales,Forecast,21,0,0,85848.43,1802817.03,333521.15
2026-08-01,CC-202,Sales,Forecast,22,1,0,85848.43,1888665.46,349403.11
2026-09-01,CC-202,Sales,Forecast,22,0,0,85848.43,1888665.46,349403.11
2026-10-01,CC-202,Sales,Forecast,21,0,1,85848.43,1802817.03,333521.15
2026-11-01,CC-202,Sales,Forecast,22,1,0,85848.43,1888665.46,349403.11
2026-12-01,CC-202,Sales,Forecast,22,0,0,85848.43,1888665.46,349403.11
2027-01-01,CC-202,Sales,Forecast,22,0,0,85848.43,1888665.46,349403.11
2027-02-01,CC-202,Sales,Forecast,23,1,0,85848.43,1974513.89,365285.07
2027-03-01,CC-202,Sales,Forecast,23,0,0,85848.43,1974513.89,365285.07
2027-04-01,CC-202,Sales,Forecast,23,0,0,98725.69,2270690.97,420077.83
2027-05-01,CC-202,Sales,Forecast,23,0,0,98725.69,2270690.97,420077.83
2027-06-01,CC-202,Sales,Forecast,23,0,0,98725.69,2270690.97,420077.83
2023-01-01,CC-301,Sales,Actual,10,0,0,75000.0,740501.08,136992.7
2023-02-01,CC-301,Sales,Actual,10,0,0,75000.0,740522.24,136996.62
2023-03-01,CC-301,Sales,Actual,10,0,0,75000.0,754758.65,139630.35
2023-04-01,CC-301,Sales,Actual,10,0,0,79500.0,788486.19,145869.94
2023-05-01,CC-301,Sales,Actual,10,0,0,79500.0,807292.93,149349.19
2023-06-01,CC-301,Sales,Actual,10,0,0,79500.0,803656.85,148676.52
2023-07-01,CC-301,Sales,Actual,10,0,0,79500.0,796793.8,147406.85
2023-08-01,CC-301,Sales,Actual,10,0,0,79500.0,815089.18,150791.5
2023-09-01,CC-301,Sales,Actual,9,0,1,79500.0,717442.17,132726.8
2023-10-01,CC-301,Sales,Actual,9,0,0,79500.0,699785.38,129460.3
2023-11-01,CC-301,Sales,Actual,9,0,0,79500.0,743795.64,137602.19
2023-12-01,CC-301,Sales,Actual,10,1,0,79500.0,814980.53,150771.4
2024-01-01,CC-301,Sales,Actual,10,0,0,79500.0,793165.29,146735.58
2024-02-01,CC-301,Sales,Actual,10,0,0,79500.0,809110.61,149685.46
2024-03-01,CC-301,Sales,Actual,10,0,0,79500.0,780808.54,144449.58
2024-04-01,CC-301,Sales,Actual,10,0,0,84270.0,841488.5,155675.37
2024-05-01,CC-301,Sales,Actual,10,0,0,84270.0,843765.96,156096.7
2024-06-01,CC-301,Sales,Actual,10,0,0,84270.0,845356.62,156390.98
2024-07-01,CC-301,Sales,Actual,11,1,0,84270.0,922053.44,170579.89
2024-08-01,CC-301,Sales,Actual,12,1,0,84270.0,1009788.55,186810.88
2024-09-01,CC-301,Sales,Actual,12,0,0,84270.0,1022514.12,189165.11
2024-10-01,CC-301,Sales,Actual,12,0,0,84270.0,1021320.33,188944.26
2024-11-01,CC-301,Sales,Actual,12,0,0,84270.0,1036853.17,191817.84
2024-12-01,CC-301,Sales,Actual,12,0,0,84270.0,1009909.12,186833.19
2025-01-01,CC-301,Sales,Actual,12,0,0,84270.0,999865.96,184975.2
2025-02-01,CC-301,Sales,Actual,12,0,0,84270.0,1010777.36,186993.81
2025-03-01,CC-301,Sales,Actual,12,0,0,84270.0,1000400.92,185074.17
2025-04-01,CC-301,Sales,Actual,12,0,0,89326.2,1095749.26,202713.61
2025-05-01,CC-301,Sales,Actual,12,0,0,89326.2,1090984.39,201832.11
2025-06-01,CC-301,Sales,Actual,12,0,0,89326.2,1090464.25,201735.89
2025-07-01,CC-301,Sales,Actual,12,0,0,89326.2,1075169.51,198906.36
2025-08-01,CC-301,Sales,Actual,12,0,0,89326.2,1061774.98,196428.37
2025-09-01,CC-301,Sales,Actual,12,0,0,89326.2,1080620.79,199914.85
2025-10-01,CC-301,Sales,Actual,13,1,0,89326.2,1167944.75,216069.78
2025-11-01,CC-301,Sales,Actual,13,0,0,89326.2,1205789.04,223070.97
2025-12-01,CC-301,Sales,Actual,13,0,0,89326.2,1186668.25,219533.63
2026-01-01,CC-301,Sales,Actual,13,0,0,89326.2,1169105.39,216284.5
2026-02-01,CC-301,Sales,Actual,13,0,0,89326.2,1154068.76,213502.72
2026-03-01,CC-301,Sales,Actual,13,0,0,89326.2,1131762.17,209376.0
2026-04-01,CC-301,Sales,Actual,13,0,0,94685.77,1217002.04,225145.38
2026-05-01,CC-301,Sales,Actual,13,0,0,94685.77,1257212.1,232584.24
2026-06-01,CC-301,Sales,Actual,13,0,0,94685.77,1255894.17,232340.42
2026-01-01,CC-301,Sales,Budget,13,0,0,103618.39,1347039.1,249202.23
2026-02-01,CC-301,Sales,Budget,14,1,0,103618.39,1450657.49,268371.64
2026-03-01,CC-301,Sales,Budget,14,0,0,103618.39,1450657.49,268371.64
2026-04-01,CC-301,Sales,Budget,14,0,0,103618.39,1450657.49,268371.64
2026-05-01,CC-301,Sales,Budget,14,0,0,103618.39,1450657.49,268371.64
2026-06-01,CC-301,Sales,Budget,14,0,0,103618.39,1450657.49,268371.64
2026-07-01,CC-301,Sales,Budget,14,0,0,103618.39,1450657.49,268371.64
2026-08-01,CC-301,Sales,Budget,14,0,0,103618.39,1450657.49,268371.64
2026-09-01,CC-301,Sales,Budget,14,0,0,103618.39,1450657.49,268371.64
2026-10-01,CC-301,Sales,Budget,15,1,0,103618.39,1554275.88,287541.04
2026-11-01,CC-301,Sales,Budget,15,0,0,103618.39,1554275.88,287541.04
2026-12-01,CC-301,Sales,Budget,15,0,0,103618.39,1554275.88,287541.04
2026-01-01,CC-301,Sales,Forecast,13,0,0,89326.2,1169105.39,216284.5
2026-02-01,CC-301,Sales,Forecast,13,0,0,89326.2,1154068.76,213502.72
2026-03-01,CC-301,Sales,Forecast,13,0,0,89326.2,1131762.17,209376.0
2026-04-01,CC-301,Sales,Forecast,13,0,0,94685.77,1217002.04,225145.38
2026-05-01,CC-301,Sales,Forecast,13,0,0,94685.77,1257212.1,232584.24
2026-06-01,CC-301,Sales,Forecast,13,0,0,94685.77,1255894.17,232340.42
2026-07-01,CC-301,Sales,Forecast,13,0,0,94685.77,1230915.01,227719.28
2026-08-01,CC-301,Sales,Forecast,14,1,0,94685.77,1325600.78,245236.14
2026-09-01,CC-301,Sales,Forecast,14,0,0,94685.77,1325600.78,245236.14
2026-10-01,CC-301,Sales,Forecast,14,0,0,94685.77,1325600.78,245236.14
2026-11-01,CC-301,Sales,Forecast,15,1,0,94685.77,1420286.55,262753.01
2026-12-01,CC-301,Sales,Forecast,15,0,0,94685.77,1420286.55,262753.01
2027-01-01,CC-301,Sales,Forecast,15,0,0,94685.77,1420286.55,262753.01
2027-02-01,CC-301,Sales,Forecast,16,1,0,94685.77,1514972.32,280269.88
2027-03-01,CC-301,Sales,Forecast,16,0,0,94685.77,1514972.32,280269.88
2027-04-01,CC-301,Sales,Forecast,16,0,0,108888.64,1742218.17,322310.36
2027-05-01,CC-301,Sales,Forecast,16,0,0,108888.64,1742218.17,322310.36
2027-06-01,CC-301,Sales,Forecast,16,0,0,108888.64,1742218.17,322310.36
2023-01-01,CC-302,Sales,Actual,8,0,0,84000.0,677731.53,125380.33
2023-02-01,CC-302,Sales,Actual,8,0,0,84000.0,666492.23,123301.06
2023-03-01,CC-302,Sales,Actual,8,0,0,84000.0,667296.49,123449.85
2023-04-01,CC-302,Sales,Actual,7,0,1,89040.0,616527.42,114057.57
2023-05-01,CC-302,Sales,Actual,7,0,0,89040.0,633298.42,117160.21
2023-06-01,CC-302,Sales,Actual,7,0,0,89040.0,624181.22,115473.53
2023-07-01,CC-302,Sales,Actual,8,1,0,89040.0,714534.2,132188.83
2023-08-01,CC-302,Sales,Actual,8,0,0,89040.0,714393.67,132162.83
2023-09-01,CC-302,Sales,Actual,8,0,0,89040.0,732187.53,135454.69
2023-10-01,CC-302,Sales,Actual,8,0,0,89040.0,710549.5,131451.66
2023-11-01,CC-302,Sales,Actual,8,0,0,89040.0,721585.9,133493.39
2023-12-01,CC-302,Sales,Actual,8,0,0,89040.0,725101.1,134143.7
2024-01-01,CC-302,Sales,Actual,9,1,0,89040.0,789013.72,145967.54
2024-02-01,CC-302,Sales,Actual,9,0,0,89040.0,783667.44,144978.48
2024-03-01,CC-302,Sales,Actual,8,0,1,89040.0,707119.84,130817.17
2024-04-01,CC-302,Sales,Actual,8,0,0,94382.4,755487.25,139765.14
2024-05-01,CC-302,Sales,Actual,8,0,0,94382.4,749106.2,138584.65
2024-06-01,CC-302,Sales,Actual,9,1,0,94382.4,850608.73,157362.62
2024-07-01,CC-302,Sales,Actual,9,0,0,94382.4,838825.15,155182.65
2024-08-01,CC-302,Sales,Actual,9,0,0,94382.4,839071.46,155228.22
2024-09-01,CC-302,Sales,Actual,9,0,0,94382.4,844639.22,156258.26
2024-10-01,CC-302,Sales,Actual,9,0,0,94382.4,860351.94,159165.11
2024-11-01,CC-302,Sales,Actual,9,0,0,94382.4,863098.14,159673.16
2024-12-01,CC-302,Sales,Actual,10,1,0,94382.4,950330.37,175811.12
2025-01-01,CC-302,Sales,Actual,10,0,0,94382.4,930639.53,172168.31
2025-02-01,CC-302,Sales,Actual,10,0,0,94382.4,963385.35,178226.29
2025-03-01,CC-302,Sales,Actual,10,0,0,94382.4,939677.39,173840.32
2025-04-01,CC-302,Sales,Actual,10,0,0,100045.34,994759.28,184030.47
2025-05-01,CC-302,Sales,Actual,10,0,0,100045.34,1010997.54,187034.54
2025-06-01,CC-302,Sales,Actual,10,0,0,100045.34,1016426.43,188038.89
2025-07-01,CC-302,Sales,Actual,10,0,0,100045.34,983465.21,181941.06
2025-08-01,CC-302,Sales,Actual,10,0,0,100045.34,996850.75,184417.39
2025-09-01,CC-302,Sales,Actual,9,0,1,100045.34,891900.49,165001.59
2025-10-01,CC-302,Sales,Actual,9,0,0,100045.34,885801.58,163873.29
2025-11-01,CC-302,Sales,Actual,9,0,0,100045.34,918791.6,169976.45
2025-12-01,CC-302,Sales,Actual,8,0,1,100045.34,835146.1,154502.03
2026-01-01,CC-302,Sales,Actual,9,1,0,100045.34,914416.83,169167.11
2026-02-01,CC-302,Sales,Actual,9,0,0,100045.34,896213.47,165799.49
2026-03-01,CC-302,Sales,Actual,9,0,0,100045.34,907562.23,167899.01
2026-04-01,CC-302,Sales,Actual,9,0,0,106048.06,942910.69,174438.48
2026-05-01,CC-302,Sales,Actual,9,0,0,106048.06,960446.54,177682.61
2026-06-01,CC-302,Sales,Actual,9,0,0,106048.06,975291.15,180428.86
2026-01-01,CC-302,Sales,Budget,8,0,0,116052.59,928420.76,171757.84
2026-02-01,CC-302,Sales,Budget,9,1,0,116052.59,1044473.35,193227.57
2026-03-01,CC-302,Sales,Budget,9,0,0,116052.59,1044473.35,193227.57
2026-04-01,CC-302,Sales,Budget,9,0,0,116052.59,1044473.35,193227.57
2026-05-01,CC-302,Sales,Budget,9,0,0,116052.59,1044473.35,193227.57
2026-06-01,CC-302,Sales,Budget,9,0,0,116052.59,1044473.35,193227.57
2026-07-01,CC-302,Sales,Budget,9,0,0,116052.59,1044473.35,193227.57
2026-08-01,CC-302,Sales,Budget,9,0,0,116052.59,1044473.35,193227.57
2026-09-01,CC-302,Sales,Budget,9,0,0,116052.59,1044473.35,193227.57
2026-10-01,CC-302,Sales,Budget,10,1,0,116052.59,1160525.94,214697.3
2026-11-01,CC-302,Sales,Budget,10,0,0,116052.59,1160525.94,214697.3
2026-12-01,CC-302,Sales,Budget,10,0,0,116052.59,1160525.94,214697.3
2026-01-01,CC-302,Sales,Forecast,9,1,0,100045.34,914416.83,169167.11
2026-02-01,CC-302,Sales,Forecast,9,0,0,100045.34,896213.47,165799.49
2026-03-01,CC-302,Sales,Forecast,9,0,0,100045.34,907562.23,167899.01
2026-04-01,CC-302,Sales,Forecast,9,0,0,106048.06,942910.69,174438.48
2026-05-01,CC-302,Sales,Forecast,9,0,0,106048.06,960446.54,177682.61
2026-06-01,CC-302,Sales,Forecast,9,0,0,106048.06,975291.15,180428.86
2026-07-01,CC-302,Sales,Forecast,9,0,0,106048.06,954432.54,176570.02
2026-08-01,CC-302,Sales,Forecast,10,1,0,106048.06,1060480.6,196188.91
2026-09-01,CC-302,Sales,Forecast,10,0,0,106048.06,1060480.6,196188.91
2026-10-01,CC-302,Sales,Forecast,10,0,0,106048.06,1060480.6,196188.91
2026-11-01,CC-302,Sales,Forecast,11,1,0,106048.06,1166528.66,215807.8
2026-12-01,CC-302,Sales,Forecast,11,0,0,106048.06,1166528.66,215807.8
2027-01-01,CC-302,Sales,Forecast,11,0,0,106048.06,1166528.66,215807.8
2027-02-01,CC-302,Sales,Forecast,12,1,0,106048.06,1272576.72,235426.69
2027-03-01,CC-302,Sales,Forecast,12,0,0,106048.06,1272576.72,235426.69
2027-04-01,CC-302,Sales,Forecast,12,0,0,121955.27,1463463.23,270740.7
2027-05-01,CC-302,Sales,Forecast,12,0,0,121955.27,1463463.23,270740.7
2027-06-01,CC-302,Sales,Forecast,12,0,0,121955.27,1463463.23,270740.7
2023-01-01,CC-401,Customer Success,Actual,13,0,0,80000.0,1067388.46,197466.87
2023-02-01,CC-401,Customer Success,Actual,13,0,0,80000.0,1035815.04,191625.78
2023-03-01,CC-401,Customer Success,Actual,13,0,0,80000.0,1022803.4,189218.63
2023-04-01,CC-401,Customer Success,Actual,13,0,0,84800.0,1104609.75,204352.8
2023-05-01,CC-401,Customer Success,Actual,13,0,0,84800.0,1090769.96,201792.44
2023-06-01,CC-401,Customer Success,Actual,14,1,0,84800.0,1192916.21,220689.5
2023-07-01,CC-401,Customer Success,Actual,14,0,0,84800.0,1183781.2,218999.52
2023-08-01,CC-401,Customer Success,Actual,14,0,0,84800.0,1176810.81,217710.0
2023-09-01,CC-401,Customer Success,Actual,14,0,0,84800.0,1146088.66,212026.4
2023-10-01,CC-401,Customer Success,Actual,14,0,0,84800.0,1192305.28,220576.48
2023-11-01,CC-401,Customer Success,Actual,14,0,0,84800.0,1183916.59,219024.57
2023-12-01,CC-401,Customer Success,Actual,14,0,0,84800.0,1169717.9,216397.81
2024-01-01,CC-401,Customer Success,Actual,14,0,0,84800.0,1217977.44,225325.83
2024-02-01,CC-401,Customer Success,Actual,14,0,0,84800.0,1163513.17,215249.94
2024-03-01,CC-401,Customer Success,Actual,14,0,0,84800.0,1198550.63,221731.87
2024-04-01,CC-401,Customer Success,Actual,15,1,0,89888.0,1338861.91,247689.45
2024-05-01,CC-401,Customer Success,Actual,15,0,0,89888.0,1350115.96,249771.45
2024-06-01,CC-401,Customer Success,Actual,15,0,0,89888.0,1368204.83,253117.89
2024-07-01,CC-401,Customer Success,Actual,15,0,0,89888.0,1341242.5,248129.86
2024-08-01,CC-401,Customer Success,Actual,15,0,0,89888.0,1347775.67,249338.5
2024-09-01,CC-401,Customer Success,Actual,15,0,0,89888.0,1352464.94,250206.01
2024-10-01,CC-401,Customer Success,Actual,15,0,0,89888.0,1352229.66,250162.49
2024-11-01,CC-401,Customer Success,Actual,15,0,0,89888.0,1351075.93,249949.05
2024-12-01,CC-401,Customer Success,Actual,15,0,0,89888.0,1356537.78,250959.49
2025-01-01,CC-401,Customer Success,Actual,15,0,0,89888.0,1356326.58,250920.42
2025-02-01,CC-401,Customer Success,Actual,16,1,0,89888.0,1442616.08,266883.98
2025-03-01,CC-401,Customer Success,Actual,16,0,0,89888.0,1452327.89,268680.66
2025-04-01,CC-401,Customer Success,Actual,16,0,0,95281.28,1503679.81,278180.76
2025-05-01,CC-401,Customer Success,Actual,16,0,0,95281.28,1531341.66,283298.21
2025-06-01,CC-401,Customer Success,Actual,16,0,0,95281.28,1537808.14,284494.51
2025-07-01,CC-401,Customer Success,Actual,16,0,0,95281.28,1527133.65,282519.72
2025-08-01,CC-401,Customer Success,Actual,16,1,1,95281.28,1525364.05,282192.35
2025-09-01,CC-401,Customer Success,Actual,16,0,0,95281.28,1515828.03,280428.19
2025-10-01,CC-401,Customer Success,Actual,16,0,0,95281.28,1515344.45,280338.72
2025-11-01,CC-401,Customer Success,Actual,16,0,0,95281.28,1492423.21,276098.29
2025-12-01,CC-401,Customer Success,Actual,16,0,0,95281.28,1486616.33,275024.02
2026-01-01,CC-401,Customer Success,Actual,16,0,0,95281.28,1517498.8,280737.28
2026-02-01,CC-401,Customer Success,Actual,16,0,0,95281.28,1507559.31,278898.47
2026-03-01,CC-401,Customer Success,Actual,16,0,0,95281.28,1523920.19,281925.23
2026-04-01,CC-401,Customer Success,Actual,16,0,0,100998.16,1610935.12,298023.0
2026-05-01,CC-401,Customer Success,Actual,16,0,0,100998.16,1619223.05,299556.26
2026-06-01,CC-401,Customer Success,Actual,16,0,0,100998.16,1630045.2,301558.36
2026-01-01,CC-401,Customer Success,Budget,16,0,0,110526.28,1768420.56,327157.8
2026-02-01,CC-401,Customer Success,Budget,17,1,0,110526.28,1878946.84,347605.17
2026-03-01,CC-401,Customer Success,Budget,17,0,0,110526.28,1878946.84,347605.17
2026-04-01,CC-401,Customer Success,Budget,17,0,0,110526.28,1878946.84,347605.17
2026-05-01,CC-401,Customer Success,Budget,17,0,0,110526.28,1878946.84,347605.17
2026-06-01,CC-401,Customer Success,Budget,17,0,0,110526.28,1878946.84,347605.17
2026-07-01,CC-401,Customer Success,Budget,17,0,0,110526.28,1878946.84,347605.17
2026-08-01,CC-401,Customer Success,Budget,17,0,0,110526.28,1878946.84,347605.17
2026-09-01,CC-401,Customer Success,Budget,17,0,0,110526.28,1878946.84,347605.17
2026-10-01,CC-401,Customer Success,Budget,18,1,0,110526.28,1989473.13,368052.53
2026-11-01,CC-401,Customer Success,Budget,18,0,0,110526.28,1989473.13,368052.53
2026-12-01,CC-401,Customer Success,Budget,18,0,0,110526.28,1989473.13,368052.53
2026-01-01,CC-401,Customer Success,Forecast,16,0,0,95281.28,1517498.8,280737.28
2026-02-01,CC-401,Customer Success,Forecast,16,0,0,95281.28,1507559.31,278898.47
2026-03-01,CC-401,Customer Success,Forecast,16,0,0,95281.28,1523920.19,281925.23
2026-04-01,CC-401,Customer Success,Forecast,16,0,0,100998.16,1610935.12,298023.0
2026-05-01,CC-401,Customer Success,Forecast,16,0,0,100998.16,1619223.05,299556.26
2026-06-01,CC-401,Customer Success,Forecast,16,0,0,100998.16,1630045.2,301558.36
2026-07-01,CC-401,Customer Success,Forecast,16,0,0,100998.16,1615970.56,298954.55
2026-08-01,CC-401,Customer Success,Forecast,16,0,0,100998.16,1615970.56,298954.55
2026-09-01,CC-401,Customer Success,Forecast,16,0,0,100998.16,1615970.56,298954.55
2026-10-01,CC-401,Customer Success,Forecast,15,0,1,100998.16,1514972.4,280269.89
2026-11-01,CC-401,Customer Success,Forecast,15,0,0,100998.16,1514972.4,280269.89
2026-12-01,CC-401,Customer Success,Forecast,15,0,0,100998.16,1514972.4,280269.89
2027-01-01,CC-401,Customer Success,Forecast,15,0,0,100998.16,1514972.4,280269.89
2027-02-01,CC-401,Customer Success,Forecast,15,0,0,100998.16,1514972.4,280269.89
2027-03-01,CC-401,Customer Success,Forecast,15,0,0,100998.16,1514972.4,280269.89
2027-04-01,CC-401,Customer Success,Forecast,15,0,0,116147.88,1742218.26,322310.38
2027-05-01,CC-401,Customer Success,Forecast,15,0,0,116147.88,1742218.26,322310.38
2027-06-01,CC-401,Customer Success,Forecast,15,0,0,116147.88,1742218.26,322310.38
2023-01-01,CC-501,Marketing,Actual,15,0,0,81000.0,1198780.15,221774.33
2023-02-01,CC-501,Marketing,Actual,15,0,0,81000.0,1196954.19,221436.52
2023-03-01,CC-501,Marketing,Actual,15,0,0,81000.0,1217292.41,225199.1
2023-04-01,CC-501,Marketing,Actual,15,0,0,85860.0,1287667.42,238218.47
2023-05-01,CC-501,Marketing,Actual,15,0,0,85860.0,1280506.17,236893.64
2023-06-01,CC-501,Marketing,Actual,15,0,0,85860.0,1282150.39,237197.82
2023-07-01,CC-501,Marketing,Actual,16,1,0,85860.0,1372782.44,253964.75
2023-08-01,CC-501,Marketing,Actual,16,0,0,85860.0,1379516.52,255210.56
2023-09-01,CC-501,Marketing,Actual,16,0,0,85860.0,1382832.97,255824.1
2023-10-01,CC-501,Marketing,Actual,16,0,0,85860.0,1346542.36,249110.34
2023-11-01,CC-501,Marketing,Actual,16,0,0,85860.0,1351374.57,250004.29
2023-12-01,CC-501,Marketing,Actual,16,0,0,85860.0,1367265.16,252944.06
2024-01-01,CC-501,Marketing,Actual,16,0,0,85860.0,1359035.23,251421.52
2024-02-01,CC-501,Marketing,Actual,15,0,1,85860.0,1306342.58,241673.38
2024-03-01,CC-501,Marketing,Actual,15,0,0,85860.0,1299468.1,240401.6
2024-04-01,CC-501,Marketing,Actual,15,0,0,91011.6,1361032.38,251790.99
2024-05-01,CC-501,Marketing,Actual,15,0,0,91011.6,1357693.02,251173.21
2024-06-01,CC-501,Marketing,Actual,15,0,0,91011.6,1368961.85,253257.94
2024-07-01,CC-501,Marketing,Actual,15,0,0,91011.6,1376352.81,254625.27
2024-08-01,CC-501,Marketing,Actual,16,1,0,91011.6,1465940.22,271198.94
2024-09-01,CC-501,Marketing,Actual,17,1,0,91011.6,1562334.12,289031.81
2024-10-01,CC-501,Marketing,Actual,17,0,0,91011.6,1521984.57,281567.15
2024-11-01,CC-501,Marketing,Actual,17,0,0,91011.6,1524798.02,282087.63
2024-12-01,CC-501,Marketing,Actual,17,0,0,91011.6,1539194.87,284751.05
2025-01-01,CC-501,Marketing,Actual,17,0,0,91011.6,1538583.4,284637.93
2025-02-01,CC-501,Marketing,Actual,17,0,0,91011.6,1528389.91,282752.13
2025-03-01,CC-501,Marketing,Actual,17,0,0,91011.6,1525917.82,282294.8
2025-04-01,CC-501,Marketing,Actual,17,0,0,96472.3,1627892.83,301160.17
2025-05-01,CC-501,Marketing,Actual,17,0,0,96472.3,1645225.7,304366.76
2025-06-01,CC-501,Marketing,Actual,18,1,0,96472.3,1705424.47,315503.53
2025-07-01,CC-501,Marketing,Actual,18,0,0,96472.3,1781406.49,329560.2
2025-08-01,CC-501,Marketing,Actual,18,0,0,96472.3,1731014.32,320237.65
2025-09-01,CC-501,Marketing,Actual,18,0,0,96472.3,1749612.32,323678.28
2025-10-01,CC-501,Marketing,Actual,18,1,1,96472.3,1734928.38,320961.75
2025-11-01,CC-501,Marketing,Actual,18,0,0,96472.3,1720046.95,318208.69
2025-12-01,CC-501,Marketing,Actual,18,0,0,96472.3,1731130.26,320259.1
2026-01-01,CC-501,Marketing,Actual,18,0,0,96472.3,1740762.52,322041.07
2026-02-01,CC-501,Marketing,Actual,18,0,0,96472.3,1733667.56,320728.5
2026-03-01,CC-501,Marketing,Actual,18,0,0,96472.3,1707661.04,315917.29
2026-04-01,CC-501,Marketing,Actual,18,0,0,102260.63,1831913.41,338903.98
2026-05-01,CC-501,Marketing,Actual,18,0,0,102260.63,1844315.55,341198.38
2026-06-01,CC-501,Marketing,Actual,18,0,0,102260.63,1824880.54,337602.9
2026-01-01,CC-501,Marketing,Budget,18,0,0,111907.87,2014341.62,372653.2
2026-02-01,CC-501,Marketing,Budget,19,1,0,111907.87,2126249.49,393356.16
2026-03-01,CC-501,Marketing,Budget,19,0,0,111907.87,2126249.49,393356.16
2026-04-01,CC-501,Marketing,Budget,19,0,0,111907.87,2126249.49,393356.16
2026-05-01,CC-501,Marketing,Budget,19,0,0,111907.87,2126249.49,393356.16
2026-06-01,CC-501,Marketing,Budget,19,0,0,111907.87,2126249.49,393356.16
2026-07-01,CC-501,Marketing,Budget,19,0,0,111907.87,2126249.49,393356.16
2026-08-01,CC-501,Marketing,Budget,19,0,0,111907.87,2126249.49,393356.16
2026-09-01,CC-501,Marketing,Budget,19,0,0,111907.87,2126249.49,393356.16
2026-10-01,CC-501,Marketing,Budget,19,0,0,111907.87,2126249.49,393356.16
2026-11-01,CC-501,Marketing,Budget,19,0,0,111907.87,2126249.49,393356.16
2026-12-01,CC-501,Marketing,Budget,19,0,0,111907.87,2126249.49,393356.16
2026-01-01,CC-501,Marketing,Forecast,18,0,0,96472.3,1740762.52,322041.07
2026-02-01,CC-501,Marketing,Forecast,18,0,0,96472.3,1733667.56,320728.5
2026-03-01,CC-501,Marketing,Forecast,18,0,0,96472.3,1707661.04,315917.29
2026-04-01,CC-501,Marketing,Forecast,18,0,0,102260.63,1831913.41,338903.98
2026-05-01,CC-501,Marketing,Forecast,18,0,0,102260.63,1844315.55,341198.38
2026-06-01,CC-501,Marketing,Forecast,18,0,0,102260.63,1824880.54,337602.9
2026-07-01,CC-501,Marketing,Forecast,18,0,0,102260.63,1840691.34,340527.9
2026-08-01,CC-501,Marketing,Forecast,18,0,0,102260.63,1840691.34,340527.9
2026-09-01,CC-501,Marketing,Forecast,18,0,0,102260.63,1840691.34,340527.9
2026-10-01,CC-501,Marketing,Forecast,17,0,1,102260.63,1738430.71,321609.68
2026-11-01,CC-501,Marketing,Forecast,17,0,0,102260.63,1738430.71,321609.68
2026-12-01,CC-501,Marketing,Forecast,17,0,0,102260.63,1738430.71,321609.68
2027-01-01,CC-501,Marketing,Forecast,17,0,0,102260.63,1738430.71,321609.68
2027-02-01,CC-501,Marketing,Forecast,17,0,0,102260.63,1738430.71,321609.68
2027-03-01,CC-501,Marketing,Forecast,17,0,0,102260.63,1738430.71,321609.68
2027-04-01,CC-501,Marketing,Forecast,17,0,0,117599.72,1999195.32,369851.13
2027-05-01,CC-501,Marketing,Forecast,17,0,0,117599.72,1999195.32,369851.13
2027-06-01,CC-501,Marketing,Forecast,17,0,0,117599.72,1999195.32,369851.13
2023-01-01,CC-601,Operations,Actual,26,0,0,69000.0,1795456.16,332159.39
2023-02-01,CC-601,Operations,Actual,26,0,0,69000.0,1794304.03,331946.25
2023-03-01,CC-601,Operations,Actual,26,0,0,69000.0,1770371.41,327518.71
2023-04-01,CC-601,Operations,Actual,26,0,0,73140.0,1905566.18,352529.74
2023-05-01,CC-601,Operations,Actual,26,0,0,73140.0,1911556.43,353637.94
2023-06-01,CC-601,Operations,Actual,26,0,0,73140.0,1893643.2,350323.99
2023-07-01,CC-601,Operations,Actual,27,1,0,73140.0,1979158.38,366144.3
2023-08-01,CC-601,Operations,Actual,27,0,0,73140.0,1937730.72,358480.18
2023-09-01,CC-601,Operations,Actual,28,1,0,73140.0,2059546.75,381016.15
2023-10-01,CC-601,Operations,Actual,28,0,0,73140.0,2054461.96,380075.46
2023-11-01,CC-601,Operations,Actual,28,0,0,73140.0,2131096.87,394252.92
2023-12-01,CC-601,Operations,Actual,28,0,0,73140.0,2070318.42,383008.91
2024-01-01,CC-601,Operations,Actual,28,0,0,73140.0,2024536.98,374539.34
2024-02-01,CC-601,Operations,Actual,28,0,0,73140.0,2098394.71,388203.02
2024-03-01,CC-601,Operations,Actual,28,0,0,73140.0,2029743.49,375502.55
2024-04-01,CC-601,Operations,Actual,28,0,0,77528.4,2202023.56,407374.36
2024-05-01,CC-601,Operations,Actual,28,0,0,77528.4,2178486.12,403019.93
2024-06-01,CC-601,Operations,Actual,29,1,0,77528.4,2284527.03,422637.5
2024-07-01,CC-601,Operations,Actual,30,1,0,77528.4,2371138.82,438660.68
2024-08-01,CC-601,Operations,Actual,30,0,0,77528.4,2339709.64,432846.28
2024-09-01,CC-601,Operations,Actual,29,0,1,77528.4,2220843.19,410855.99
2024-10-01,CC-601,Operations,Actual,29,0,0,77528.4,2207990.95,408478.33
2024-11-01,CC-601,Operations,Actual,29,0,0,77528.4,2293679.07,424330.63
2024-12-01,CC-601,Operations,Actual,29,0,0,77528.4,2284777.86,422683.9
2025-01-01,CC-601,Operations,Actual,29,0,0,77528.4,2275702.51,421004.97
2025-02-01,CC-601,Operations,Actual,28,0,1,77528.4,2172024.07,401824.45
2025-03-01,CC-601,Operations,Actual,28,0,0,77528.4,2131010.82,394237.0
2025-04-01,CC-601,Operations,Actual,28,0,0,82180.1,2344272.76,433690.46
2025-05-01,CC-601,Operations,Actual,29,1,0,82180.1,2364520.39,437436.27
2025-06-01,CC-601,Operations,Actual,29,0,0,82180.1,2391364.16,442402.37
2025-07-01,CC-601,Operations,Actual,29,0,0,82180.1,2358620.44,436344.78
2025-08-01,CC-601,Operations,Actual,29,0,0,82180.1,2379621.95,440230.06
2025-09-01,CC-601,Operations,Actual,29,0,0,82180.1,2424132.58,448464.53
2025-10-01,CC-601,Operations,Actual,30,1,0,82180.1,2504430.62,463319.67
2025-11-01,CC-601,Operations,Actual,30,0,0,82180.1,2512566.43,464824.79
2025-12-01,CC-601,Operations,Actual,30,0,0,82180.1,2559757.26,473555.09
2026-01-01,CC-601,Operations,Actual,30,0,0,82180.1,2455304.63,454231.36
2026-02-01,CC-601,Operations,Actual,30,0,0,82180.1,2456458.73,454444.87
2026-03-01,CC-601,Operations,Actual,30,0,0,82180.1,2441112.85,451605.88
2026-04-01,CC-601,Operations,Actual,30,0,0,87110.91,2616836.56,484114.76
2026-05-01,CC-601,Operations,Actual,30,0,0,87110.91,2633517.09,487200.66
2026-06-01,CC-601,Operations,Actual,30,0,0,87110.91,2601056.36,481195.43
2026-01-01,CC-601,Operations,Budget,30,0,0,95328.92,2859867.48,529075.48
2026-02-01,CC-601,Operations,Budget,31,1,0,95328.92,2955196.4,546711.33
2026-03-01,CC-601,Operations,Budget,31,0,0,95328.92,2955196.4,546711.33
2026-04-01,CC-601,Operations,Budget,31,0,0,95328.92,2955196.4,546711.33
2026-05-01,CC-601,Operations,Budget,31,0,0,95328.92,2955196.4,546711.33
2026-06-01,CC-601,Operations,Budget,31,0,0,95328.92,2955196.4,546711.33
2026-07-01,CC-601,Operations,Budget,31,0,0,95328.92,2955196.4,546711.33
2026-08-01,CC-601,Operations,Budget,31,0,0,95328.92,2955196.4,546711.33
2026-09-01,CC-601,Operations,Budget,30,0,1,95328.92,2859867.48,529075.48
2026-10-01,CC-601,Operations,Budget,31,1,0,95328.92,2955196.4,546711.33
2026-11-01,CC-601,Operations,Budget,31,0,0,95328.92,2955196.4,546711.33
2026-12-01,CC-601,Operations,Budget,31,0,0,95328.92,2955196.4,546711.33
2026-01-01,CC-601,Operations,Forecast,30,0,0,82180.1,2455304.63,454231.36
2026-02-01,CC-601,Operations,Forecast,30,0,0,82180.1,2456458.73,454444.87
2026-03-01,CC-601,Operations,Forecast,30,0,0,82180.1,2441112.85,451605.88
2026-04-01,CC-601,Operations,Forecast,30,0,0,87110.91,2616836.56,484114.76
2026-05-01,CC-601,Operations,Forecast,30,0,0,87110.91,2633517.09,487200.66
2026-06-01,CC-601,Operations,Forecast,30,0,0,87110.91,2601056.36,481195.43
2026-07-01,CC-601,Operations,Forecast,30,0,0,87110.91,2613327.3,483465.55
2026-08-01,CC-601,Operations,Forecast,31,1,0,87110.91,2700438.21,499581.07
2026-09-01,CC-601,Operations,Forecast,31,0,0,87110.91,2700438.21,499581.07
2026-10-01,CC-601,Operations,Forecast,30,0,1,87110.91,2613327.3,483465.55
2026-11-01,CC-601,Operations,Forecast,31,1,0,87110.91,2700438.21,499581.07
2026-12-01,CC-601,Operations,Forecast,31,0,0,87110.91,2700438.21,499581.07
2027-01-01,CC-601,Operations,Forecast,31,0,0,87110.91,2700438.21,499581.07
2027-02-01,CC-601,Operations,Forecast,32,1,0,87110.91,2787549.12,515696.59
2027-03-01,CC-601,Operations,Forecast,32,0,0,87110.91,2787549.12,515696.59
2027-04-01,CC-601,Operations,Forecast,32,0,0,100177.55,3205681.49,593051.08
2027-05-01,CC-601,Operations,Forecast,32,0,0,100177.55,3205681.49,593051.08
2027-06-01,CC-601,Operations,Forecast,32,0,0,100177.55,3205681.49,593051.08
2023-01-01,CC-701,Technology,Actual,23,0,0,96000.0,2143578.1,396561.95
2023-02-01,CC-701,Technology,Actual,23,0,0,96000.0,2242118.05,414791.84
2023-03-01,CC-701,Technology,Actual,23,0,0,96000.0,2204635.23,407857.52
2023-04-01,CC-701,Technology,Actual,23,0,0,101760.0,2375687.8,439502.24
2023-05-01,CC-701,Technology,Actual,23,0,0,101760.0,2406346.04,445174.02
2023-06-01,CC-701,Technology,Actual,23,0,0,101760.0,2315481.97,428364.16
2023-07-01,CC-701,Technology,Actual,24,1,0,101760.0,2410768.19,445992.12
2023-08-01,CC-701,Technology,Actual,24,0,0,101760.0,2453623.22,453920.29
2023-09-01,CC-701,Technology,Actual,24,0,0,101760.0,2435152.21,450503.16
2023-10-01,CC-701,Technology,Actual,23,0,1,101760.0,2348360.65,434446.72
2023-11-01,CC-701,Technology,Actual,23,0,0,101760.0,2306677.59,426735.35
2023-12-01,CC-701,Technology,Actual,24,1,0,101760.0,2438140.8,451056.05
2024-01-01,CC-701,Technology,Actual,24,0,0,101760.0,2394355.33,442955.74
2024-02-01,CC-701,Technology,Actual,24,0,0,101760.0,2439364.25,451282.39
2024-03-01,CC-701,Technology,Actual,24,0,0,101760.0,2427912.62,449163.83
2024-04-01,CC-701,Technology,Actual,24,0,0,107865.6,2656913.23,491528.95
2024-05-01,CC-701,Technology,Actual,24,0,0,107865.6,2540984.9,470082.21
2024-06-01,CC-701,Technology,Actual,24,0,0,107865.6,2593353.61,479770.42
2024-07-01,CC-701,Technology,Actual,24,0,0,107865.6,2624912.95,485608.9
2024-08-01,CC-701,Technology,Actual,24,0,0,107865.6,2581529.84,477583.02
2024-09-01,CC-701,Technology,Actual,24,0,0,107865.6,2567415.76,474971.92
2024-10-01,CC-701,Technology,Actual,24,0,0,107865.6,2615153.43,483803.39
2024-11-01,CC-701,Technology,Actual,24,0,0,107865.6,2591035.14,479341.5
2024-12-01,CC-701,Technology,Actual,24,0,0,107865.6,2555573.9,472781.17
2025-01-01,CC-701,Technology,Actual,24,0,0,107865.6,2623079.25,485269.66
2025-02-01,CC-701,Technology,Actual,24,0,0,107865.6,2572436.93,475900.83
2025-03-01,CC-701,Technology,Actual,23,0,1,107865.6,2442708.29,451901.03
2025-04-01,CC-701,Technology,Actual,23,0,0,114337.54,2616172.07,483991.83
2025-05-01,CC-701,Technology,Actual,22,0,1,114337.54,2496883.9,461923.52
2025-06-01,CC-701,Technology,Actual,22,0,0,114337.54,2500297.58,462555.05
2025-07-01,CC-701,Technology,Actual,22,0,0,114337.54,2483917.03,459524.65
2025-08-01,CC-701,Technology,Actual,22,0,0,114337.54,2520798.51,466347.72
2025-09-01,CC-701,Technology,Actual,22,0,0,114337.54,2508030.6,463985.66
2025-10-01,CC-701,Technology,Actual,22,0,0,114337.54,2543651.03,470575.44
2025-11-01,CC-701,Technology,Actual,22,0,0,114337.54,2465785.98,456170.41
2025-12-01,CC-701,Technology,Actual,22,0,0,114337.54,2552472.19,472207.36
2026-01-01,CC-701,Technology,Actual,22,0,0,114337.54,2511572.37,464640.89
2026-02-01,CC-701,Technology,Actual,22,0,0,114337.54,2506777.36,463753.81
2026-03-01,CC-701,Technology,Actual,22,0,0,114337.54,2545108.03,470844.99
2026-04-01,CC-701,Technology,Actual,22,0,0,121197.79,2697197.73,498981.58
2026-05-01,CC-701,Technology,Actual,22,0,0,121197.79,2637327.11,487905.52
2026-06-01,CC-701,Technology,Actual,22,0,0,121197.79,2688583.98,497388.04
2026-01-01,CC-701,Technology,Budget,22,0,0,132631.55,2917894.02,539810.39
2026-02-01,CC-701,Technology,Budget,23,1,0,132631.55,3050525.57,564347.23
2026-03-01,CC-701,Technology,Budget,23,0,0,132631.55,3050525.57,564347.23
2026-04-01,CC-701,Technology,Budget,23,0,0,132631.55,3050525.57,564347.23
2026-05-01,CC-701,Technology,Budget,23,0,0,132631.55,3050525.57,564347.23
2026-06-01,CC-701,Technology,Budget,24,1,0,132631.55,3183157.11,588884.07
2026-07-01,CC-701,Technology,Budget,24,0,0,132631.55,3183157.11,588884.07
2026-08-01,CC-701,Technology,Budget,24,0,0,132631.55,3183157.11,588884.07
2026-09-01,CC-701,Technology,Budget,23,0,1,132631.55,3050525.57,564347.23
2026-10-01,CC-701,Technology,Budget,24,1,0,132631.55,3183157.11,588884.07
2026-11-01,CC-701,Technology,Budget,24,0,0,132631.55,3183157.11,588884.07
2026-12-01,CC-701,Technology,Budget,24,0,0,132631.55,3183157.11,588884.07
2026-01-01,CC-701,Technology,Forecast,22,0,0,114337.54,2511572.37,464640.89
2026-02-01,CC-701,Technology,Forecast,22,0,0,114337.54,2506777.36,463753.81
2026-03-01,CC-701,Technology,Forecast,22,0,0,114337.54,2545108.03,470844.99
2026-04-01,CC-701,Technology,Forecast,22,0,0,121197.79,2697197.73,498981.58
2026-05-01,CC-701,Technology,Forecast,22,0,0,121197.79,2637327.11,487905.52
2026-06-01,CC-701,Technology,Forecast,22,0,0,121197.79,2688583.98,497388.04
2026-07-01,CC-701,Technology,Forecast,22,0,0,121197.79,2666351.38,493275.01
2026-08-01,CC-701,Technology,Forecast,23,1,0,121197.79,2787549.17,515696.6
2026-09-01,CC-701,Technology,Forecast,23,0,0,121197.79,2787549.17,515696.6
2026-10-01,CC-701,Technology,Forecast,22,0,1,121197.79,2666351.38,493275.01
2026-11-01,CC-701,Technology,Forecast,23,1,0,121197.79,2787549.17,515696.6
2026-12-01,CC-701,Technology,Forecast,23,0,0,121197.79,2787549.17,515696.6
2027-01-01,CC-701,Technology,Forecast,23,0,0,121197.79,2787549.17,515696.6
2027-02-01,CC-701,Technology,Forecast,24,1,0,121197.79,2908746.96,538118.19
2027-03-01,CC-701,Technology,Forecast,24,0,0,121197.79,2908746.96,538118.19
2027-04-01,CC-701,Technology,Forecast,24,0,0,139377.46,3345059.0,618835.92
2027-05-01,CC-701,Technology,Forecast,24,0,0,139377.46,3345059.0,618835.92
2027-06-01,CC-701,Technology,Forecast,24,0,0,139377.46,3345059.0,618835.92
2023-01-01,CC-801,Finance & Corporate,Actual,18,0,0,88000.0,1584313.09,293097.92
2023-02-01,CC-801,Finance & Corporate,Actual,18,0,0,88000.0,1586626.5,293525.9
2023-03-01,CC-801,Finance & Corporate,Actual,18,0,0,88000.0,1558135.71,288255.11
2023-04-01,CC-801,Finance & Corporate,Actual,18,0,0,93280.0,1670228.79,308992.33
2023-05-01,CC-801,Finance & Corporate,Actual,18,0,0,93280.0,1700386.3,314571.47
2023-06-01,CC-801,Finance & Corporate,Actual,18,0,0,93280.0,1692477.51,313108.34
2023-07-01,CC-801,Finance & Corporate,Actual,18,0,0,93280.0,1690901.9,312816.85
2023-08-01,CC-801,Finance & Corporate,Actual,18,0,0,93280.0,1712149.04,316747.57
2023-09-01,CC-801,Finance & Corporate,Actual,18,0,0,93280.0,1648339.02,304942.72
2023-10-01,CC-801,Finance & Corporate,Actual,18,0,0,93280.0,1659245.0,306960.32
2023-11-01,CC-801,Finance & Corporate,Actual,18,0,0,93280.0,1665275.51,308075.97
2023-12-01,CC-801,Finance & Corporate,Actual,17,0,1,93280.0,1582172.7,292701.95
2024-01-01,CC-801,Finance & Corporate,Actual,18,1,0,93280.0,1698484.87,314219.7
2024-02-01,CC-801,Finance & Corporate,Actual,18,0,0,93280.0,1689030.64,312470.67
2024-03-01,CC-801,Finance & Corporate,Actual,18,0,0,93280.0,1683976.54,311535.66
2024-04-01,CC-801,Finance & Corporate,Actual,18,0,0,98876.8,1749980.6,323746.41
2024-05-01,CC-801,Finance & Corporate,Actual,19,1,0,98876.8,1874561.27,346793.83
2024-06-01,CC-801,Finance & Corporate,Actual,19,0,0,98876.8,1890373.67,349719.13
2024-07-01,CC-801,Finance & Corporate,Actual,19,0,0,98876.8,1862978.2,344650.97
2024-08-01,CC-801,Finance & Corporate,Actual,19,0,0,98876.8,1910967.56,353529.0
2024-09-01,CC-801,Finance & Corporate,Actual,19,0,0,98876.8,1893972.02,350384.82
2024-10-01,CC-801,Finance & Corporate,Actual,19,0,0,98876.8,1850622.4,342365.14
2024-11-01,CC-801,Finance & Corporate,Actual,19,0,0,98876.8,1892821.22,350171.93
2024-12-01,CC-801,Finance & Corporate,Actual,19,0,0,98876.8,1904822.13,352392.09
2025-01-01,CC-801,Finance & Corporate,Actual,20,1,0,98876.8,1966689.68,363837.59
2025-02-01,CC-801,Finance & Corporate,Actual,20,0,0,98876.8,1959497.38,362507.02
2025-03-01,CC-801,Finance & Corporate,Actual,20,0,0,98876.8,1949980.87,360746.46
2025-04-01,CC-801,Finance & Corporate,Actual,20,0,0,104809.41,2116899.66,391626.44
2025-05-01,CC-801,Finance & Corporate,Actual,20,0,0,104809.41,2087770.28,386237.5
2025-06-01,CC-801,Finance & Corporate,Actual,20,0,0,104809.41,2059954.22,381091.53
2025-07-01,CC-801,Finance & Corporate,Actual,21,1,0,104809.41,2217026.2,410149.85
2025-08-01,CC-801,Finance & Corporate,Actual,21,0,0,104809.41,2198581.98,406737.67
2025-09-01,CC-801,Finance & Corporate,Actual,21,0,0,104809.41,2193357.37,405771.11
2025-10-01,CC-801,Finance & Corporate,Actual,21,0,0,104809.41,2241494.79,414676.54
2025-11-01,CC-801,Finance & Corporate,Actual,21,0,0,104809.41,2204963.46,407918.24
2025-12-01,CC-801,Finance & Corporate,Actual,21,0,0,104809.41,2157868.35,399205.64
2026-01-01,CC-801,Finance & Corporate,Actual,21,0,0,104809.41,2193652.41,405825.7
2026-02-01,CC-801,Finance & Corporate,Actual,21,0,0,104809.41,2181935.42,403658.05
2026-03-01,CC-801,Finance & Corporate,Actual,21,0,0,104809.41,2202086.41,407385.99
2026-04-01,CC-801,Finance & Corporate,Actual,21,0,0,111097.97,2342342.05,433333.28
2026-05-01,CC-801,Finance & Corporate,Actual,21,0,0,111097.97,2322922.01,429740.57
2026-06-01,CC-801,Finance & Corporate,Actual,21,0,0,111097.97,2318539.23,428929.76
2026-01-01,CC-801,Finance & Corporate,Budget,21,0,0,121578.92,2553157.23,472334.09
2026-02-01,CC-801,Finance & Corporate,Budget,22,1,0,121578.92,2674736.14,494826.19
2026-03-01,CC-801,Finance & Corporate,Budget,22,0,0,121578.92,2674736.14,494826.19
2026-04-01,CC-801,Finance & Corporate,Budget,22,0,0,121578.92,2674736.14,494826.19
2026-05-01,CC-801,Finance & Corporate,Budget,22,0,0,121578.92,2674736.14,494826.19
2026-06-01,CC-801,Finance & Corporate,Budget,22,0,0,121578.92,2674736.14,494826.19
2026-07-01,CC-801,Finance & Corporate,Budget,22,0,0,121578.92,2674736.14,494826.19
2026-08-01,CC-801,Finance & Corporate,Budget,22,0,0,121578.92,2674736.14,494826.19
2026-09-01,CC-801,Finance & Corporate,Budget,21,0,1,121578.92,2553157.23,472334.09
2026-10-01,CC-801,Finance & Corporate,Budget,21,0,0,121578.92,2553157.23,472334.09
2026-11-01,CC-801,Finance & Corporate,Budget,21,0,0,121578.92,2553157.23,472334.09
2026-12-01,CC-801,Finance & Corporate,Budget,21,0,0,121578.92,2553157.23,472334.09
2026-01-01,CC-801,Finance & Corporate,Forecast,21,0,0,104809.41,2193652.41,405825.7
2026-02-01,CC-801,Finance & Corporate,Forecast,21,0,0,104809.41,2181935.42,403658.05
2026-03-01,CC-801,Finance & Corporate,Forecast,21,0,0,104809.41,2202086.41,407385.99
2026-04-01,CC-801,Finance & Corporate,Forecast,21,0,0,111097.97,2342342.05,433333.28
2026-05-01,CC-801,Finance & Corporate,Forecast,21,0,0,111097.97,2322922.01,429740.57
2026-06-01,CC-801,Finance & Corporate,Forecast,21,0,0,111097.97,2318539.23,428929.76
2026-07-01,CC-801,Finance & Corporate,Forecast,21,0,0,111097.97,2333057.37,431615.61
2026-08-01,CC-801,Finance & Corporate,Forecast,21,0,0,111097.97,2333057.37,431615.61
2026-09-01,CC-801,Finance & Corporate,Forecast,21,0,0,111097.97,2333057.37,431615.61
2026-10-01,CC-801,Finance & Corporate,Forecast,20,0,1,111097.97,2221959.4,411062.49
2026-11-01,CC-801,Finance & Corporate,Forecast,20,0,0,111097.97,2221959.4,411062.49
2026-12-01,CC-801,Finance & Corporate,Forecast,20,0,0,111097.97,2221959.4,411062.49
2027-01-01,CC-801,Finance & Corporate,Forecast,20,0,0,111097.97,2221959.4,411062.49
2027-02-01,CC-801,Finance & Corporate,Forecast,20,0,0,111097.97,2221959.4,411062.49
2027-03-01,CC-801,Finance & Corporate,Forecast,20,0,0,111097.97,2221959.4,411062.49
2027-04-01,CC-801,Finance & Corporate,Forecast,20,0,0,127762.67,2555253.31,472721.86
2027-05-01,CC-801,Finance & Corporate,Forecast,20,0,0,127762.67,2555253.31,472721.86
2027-06-01,CC-801,Finance & Corporate,Forecast,20,0,0,127762.67,2555253.31,472721.86
