KPI,PriorYearActual,BudgetTarget,RollingForecast,VarianceToBudget,VariancePct,Unit,Status
Revenue,1611023228.83,1838846725.17,1790812177.8,-48034547.37,-0.026122,TRY,Action Required
Gross Profit,809615056.77,942175311.2,904914825.28,-37260485.92,-0.039547,TRY,Action Required
Gross Margin,0.502547,0.512373,0.50531,-0.007063,-0.013785,Percent,Action Required
EBITDA,142342955.03,158771587.81,164381051.4,5609463.59,0.03533,TRY,On / Above Plan
EBITDA Margin,0.088356,0.086343,0.091791,0.005448,0.063101,Percent,On / Above Plan
Net Income,94295476.99,103243558.66,107366420.89,4122862.23,0.039933,TRY,On / Above Plan
Ending Cash,155407573.42,247550632.46,233182359.16,-14368273.3,-0.058042,TRY,Action Required
Cash Conversion Cycle,53.75,39.5,48.7,9.2,0.232911,Days,Action Required
Headcount,221.0,238.0,231.0,-7.0,-0.029412,FTE,On / Above Plan
